,,,,,,,,,,,,,,,,,,,,
,,,,,Per Game,Per Game,Per Game,Per Game,Per Game,Per Game,Shooting,Shooting,Shooting,Advanced,Advanced,,,,,
,Player,From,To,G,MP,PTS,TRB,AST,STL,BLK,FG%,3P%,FT%,WS,WS/48,FMVP,,Player,Lg,Count
,Kawhi Leonard,2011,2021,554,31.2,19.2,"6,4",2.8,1.8,0.7,0.492,0.383,856,79.6,0.221,2,,,,
,Kevin Durant\cdcbdjc,2007,2021,868,36.8,27.1,7.1,4.1,1.1,"1,1",0.493,0.382,0.882,144.4,0.217,2,,,,
,James Harden\fdvdsvv,2009,2021,864,34.4,25.2,5.4,6.5,1.6,0.5,0.445,0.365,0.858,140.4,0.226,,,,,
,Stephen Curry\123hcsd,2009,2021,734,34.3,23.8,4.6,6.6,1.7,0.2,0.476,0.433,0.934,108.2,0.206,,,,,
,Michael Jordan\jordami01,1985,2003,1072,38.3,30.1,6.2,5.3,2.3,0.8,0.497,0.327,0.835,214,0.25,6,,,,
,Wilt Chamberlain\chambwi01,1960,1973,1045,45.8,30.1,22.9,4.4,,,0.54,,0.511,247.3,0.248,1,,,,
,Bill Russell\russebi01,1957,1969,963,42.3,15.1,22.5,4.3,,,0.44,,0.561,163.5,0.193,,,,,
,Shaquille O'Neal\onealsh01,1993,2011,1207,34.7,23.7,10.9,2.5,0.6,2.3,0.582,0.045,0.527,181.7,0.208,3,,,,
,Oscar Robertson\roberos01,1961,1974,1040,42.2,25.7,7.5,9.5,1.1,0.1,0.485,,0.838,189.2,0.207,,,,,
,Magic Johnson\johnsma02,1980,1996,906,36.7,19.5,7.2,11.2,1.9,0.4,0.52,0.303,0.848,155.8,0.225,3,,,,
,Kareem Abdul-Jabbar\abdulka01,1970,1989,1560,36.8,24.6,11.2,3.6,0.9,2.6,0.559,0.056,0.721,273.4,0.228,2,,,,
,Tim Duncan\duncati01,1998,2016,1392,34,19,10.8,3,0.7,2.2,0.506,0.179,0.696,206.4,0.209,3,,,,
,Larry Bird\birdla01,1980,1992,897,38.4,24.3,10,6.3,1.7,0.8,0.496,0.376,0.886,145.8,0.203,2,,,,
,Kobe Bryant\bryanko01,1997,2016,1346,36.1,25,5.2,4.7,1.4,0.5,0.447,0.329,0.837,172.7,0.17,2,,,,
,Jerry West\westje01,1961,1974,932,39.2,27,5.8,6.7,2.6,0.7,0.474,,0.814,162.6,0.213,1,,,,
,Elgin Baylor\bayloel01,1959,1972,846,40,27.4,13.5,4.3,,,0.431,,0.78,104.2,0.148,,,,,
,Hakeem Olajuwon\olajuha01,1985,2002,1238,35.7,21.8,11.1,2.5,1.7,3.1,0.512,0.202,0.712,162.8,0.177,2,,,,
,Bob Pettit\pettibo01,1955,1965,792,38.8,26.4,16.2,3,,,0.436,,0.761,136,0.213,1,,,,
,Moses Malone\malonmo01,1977,1995,1329,33.9,20.6,12.2,1.4,0.8,1.3,0.491,0.1,0.769,167.1,0.178,,,,,
,Julius Erving\ervinju01,1977,1987,836,34.3,22,6.7,3.9,1.8,1.5,0.507,0.261,0.777,106.2,0.178,,,,,
,John Havlicek\havlijo01,1963,1978,1270,36.6,20.8,6.3,4.8,1.2,0.3,0.439,,0.815,131.7,0.136,1,,,,
,Karl Malone\malonka01,1986,2004,1476,37.2,25,10.1,3.6,1.4,0.8,0.516,0.274,0.742,234.6,0.205,,,,,
,Isiah Thomas\thomais01,1982,1994,979,36.3,19.2,3.6,9.3,1.9,0.3,0.452,0.29,0.759,80.7,0.109,1,,,,
,Charles Barkley\barklch01,1985,2000,1073,36.7,22.1,11.7,3.9,1.5,0.8,0.541,0.266,0.735,177.2,0.216,,,,,
,Rick Barry\barryri01,1966,1980,794,36.3,23.2,6.5,5.1,2,0.5,0.449,0.33,0.9,93.4,0.156,1,,,,
,John Stockton\stockjo01,1985,2003,1504,31.8,13.1,2.7,10.5,2.2,0.2,0.515,0.384,0.826,207.7,0.209,,,,,
,Elvin Hayes\hayesel01,1969,1984,1303,38.4,21,12.5,1.8,1,2,0.452,0.147,0.67,120.8,0.116,,,,,
,Bob Cousy\cousybo01,1951,1970,924,35.3,18.4,5.2,7.5,,,0.375,,0.803,91.1,0.139,,,,,
,David Robinson\robinda01,1990,2003,987,34.7,21.1,10.6,2.5,1.4,3,0.518,0.25,0.736,178.7,0.25,,,,,
,Kevin McHale\mchalke01,1981,1993,971,31,17.9,7.3,1.7,0.4,1.7,0.554,0.261,0.798,113,0.18,,,,,
,Scottie Pippen\pippesc01,1988,2004,1178,34.9,16.1,6.4,5.2,2,0.8,0.473,0.326,0.704,125.1,0.146,,,,,
,Jason Kidd\kiddja01,1995,2013,1391,36,12.6,6.3,8.7,1.9,0.3,0.4,0.349,0.785,138.6,0.133,,,,,
,George Mikan\mikange01,1949,1956,439,34.4,23.1,13.4,2.8,,,0.404,,0.782,108.7,0.249,,,More Awards Pages,,
,Kevin Garnett\garneke01,1996,2016,1462,34.5,17.8,10,3.7,1.3,1.4,0.497,0.275,0.789,191.4,0.182,,,,,
,LeBron James\jamesle01,2004,2021,1301,38.3,27,7.5,7.4,1.6,0.8,0.504,0.344,0.734,241.4,0.233,4,,,,
,Willis Reed\reedwi01,1965,1974,650,35.5,18.7,12.9,1.8,0.6,1.1,0.476,,0.747,74.9,0.156,2,,,,
,Wes Unseld\unselwe01,1969,1981,984,36.4,10.8,14,3.9,1.1,0.6,0.509,0.5,0.633,110.1,0.147,1,,,,
,Nate Thurmond\thurmna01,1964,1977,964,37.2,15,15,2.7,0.5,2.1,0.421,,0.667,78,0.104,,,,,
,Dolph Schayes\schaydo01,1950,1964,996,34.4,18.5,12.1,3.1,,,0.38,,0.849,142.4,0.192,,,,,
,Walt Frazier\fraziwa01,1968,1980,825,37.5,18.9,5.9,6.1,1.9,0.2,0.49,0,0.786,113.5,0.176,,,,,
,Patrick Ewing\ewingpa01,1986,2002,1183,34.3,21,9.8,1.9,1,2.4,0.504,0.152,0.74,126.4,0.15,,,,,
,Jerry Lucas\lucasje01,1964,1974,829,38.8,17,15.6,3.3,0.4,0.3,0.499,,0.783,98.4,0.147,,,,,
,Gary Payton\paytoga01,1991,2007,1335,35.3,16.3,3.9,6.7,1.8,0.2,0.466,0.317,0.729,145.5,0.148,,,,,
,Allen Iverson\iversal01,1997,2010,914,41.1,26.7,3.7,6.2,2.2,0.2,0.425,0.313,0.78,99,0.126,,,,,
,Billy Cunningham\cunnibi01,1966,1976,654,34.3,20.8,10.1,4,1.2,0.5,0.446,,0.72,63.2,0.135,,,,,
,Clyde Drexler\drexlcl01,1984,1998,1086,34.6,20.4,6.1,5.6,2,0.7,0.472,0.318,0.788,135.6,0.173,,,,,
,Dominique Wilkins\wilkido01,1983,1999,1074,35.5,24.8,6.7,2.5,1.3,0.6,0.461,0.319,0.811,117.5,0.148,,,,,
,Dave Cowens\cowenda01,1971,1983,766,38.6,17.6,13.6,3.8,1.1,0.9,0.46,0.071,0.783,86.3,0.14,,,,,
,George Gervin\gervige01,1977,1986,791,33.5,26.2,4.6,2.8,1.2,0.8,0.511,0.297,0.844,88.1,0.159,,,,,
,Bob McAdoo\mcadobo01,1973,1986,852,33.2,22.1,9.4,2.3,1,1.5,0.503,0.081,0.754,89.1,0.151,,,,,
,Earl Monroe\monroea01,1968,1980,926,32,18.8,3,3.9,1,0.3,0.464,,0.807,77.4,0.125,,,,,
,Dennis Rodman\rodmade01,1987,2000,911,31.7,7.3,13.1,1.8,0.7,0.6,0.521,0.231,0.584,89.8,0.15,,,,,
,Dwyane Wade\wadedw01,2004,2019,1054,33.9,22,4.7,5.4,1.5,0.8,0.48,0.293,0.765,120.7,0.162,1,,,,
,Steve Nash\nashst01,1997,2014,1217,31.3,14.3,3,8.5,0.7,0.1,0.49,0.428,0.904,129.7,0.164,,,,,
,Walt Bellamy\bellawa01,1962,1975,1043,37.3,20.1,13.7,2.4,0.7,0.6,0.516,,0.632,130,0.16,,,,,
,Tiny Archibald\architi01,1971,1984,876,35.6,18.8,2.3,7.4,1.1,0.1,0.467,0.224,0.81,83.4,0.128,,,,,
,Dennis Johnson\johnsde01,1977,1990,1100,32.7,14.1,3.9,5,1.3,0.6,0.445,0.172,0.797,82.6,0.11,1,,,,
,Reggie Miller\millere01,1988,2005,1389,34.3,18.2,3,3,1.1,0.2,0.471,0.395,0.888,174.4,0.176,,,,,
,Dirk Nowitzki\nowitdi01,1999,2019,1522,33.8,20.7,7.5,2.4,0.8,0.8,0.471,0.38,0.879,206.3,0.193,1,,,,
,Connie Hawkins\hawkico01,1970,1976,499,34.5,16.5,8,4.1,1.2,0.8,0.467,,0.785,47.5,0.132,,,,,
,Dave Bing\bingda01,1967,1978,901,36.4,20.3,3.8,6,1.3,0.2,0.441,,0.775,68.8,0.101,,,,,
,James Worthy\worthja01,1983,1994,926,32.4,17.6,5.1,3,1.1,0.7,0.521,0.241,0.769,81.2,0.13,1,,,,
,Hal Greer\greerha01,1959,1973,1122,35.5,19.2,5,4,,,0.452,,0.801,102.7,0.124,,,,,
,Pete Maravich\maravpe01,1971,1980,658,37,24.2,4.2,5.4,1.4,0.3,0.441,0.667,0.82,46.7,0.092,,,,,
,Jack Twyman\twymaja01,1956,1966,823,31.8,19.2,6.6,2.3,,,0.45,,0.778,75,0.138,,,,,
,Bob Lanier\laniebo01,1971,1984,959,33.5,20.1,10.1,3.1,1.1,1.5,0.514,0.154,0.767,117.1,0.175,,,,,
,David Thompson\thompda01,1977,1984,509,32,22.1,3.8,3.2,0.9,0.8,0.504,0.277,0.778,50.8,0.15,,,,,
,Joe Fulks\fulksjo01,1947,1954,489,23.4,16.4,5.3,1.2,,,0.302,,0.766,29.2,-0.045,,,,,
,Sam Jones\jonessa01,1958,1969,871,27.9,17.7,4.9,2.5,,,0.456,,0.803,92.3,0.182,,,,,
,Gus Johnson\johnsgu01,1964,1973,581,34.7,17.1,12.7,2.7,,,0.44,,0.699,35.8,0.085,,,,,
,Robert Parish\parisro01,1977,1997,1611,28.4,14.5,9.1,1.4,0.8,1.5,0.537,0,0.721,147,0.154,,,,,
,Tom Heinsohn\heinsto01,1957,1965,654,29.4,18.6,8.8,2,,,0.405,,0.79,60,0.15,,,,,
,Bernard King\kingbe01,1978,1993,874,33.7,22.5,5.8,3.3,1,0.3,0.518,0.172,0.73,75.4,0.123,,,,,
,Bill Sharman\sharmbi01,1951,1961,711,32,17.8,3.9,3,,,0.426,,0.883,82.8,0.178,,,,,
,Paul Arizin\arizipa01,1951,1962,713,38.4,22.8,8.6,2.3,,,0.421,,0.81,108.8,0.183,,,,,
,Lenny Wilkens\wilkele01,1961,1975,1077,35.3,16.5,4.7,6.7,1.3,0.2,0.432,,0.774,95.5,0.12,,,,,
,Alonzo Mourning\mournal01,1993,2008,838,31,17.1,8.5,1.1,0.5,2.8,0.527,0.247,0.692,89.7,0.166,,,,,
,Bill Walton\waltobi01,1975,1987,468,28.3,13.3,10.5,3.4,0.8,2.2,0.521,0,0.66,39.3,0.142,1,,,,
,Neil Johnston\johnsne01,1952,1959,516,35.5,19.4,11.3,2.5,,,0.444,,0.768,92,0.241,,,,,
,Dave DeBusschere\debusda01,1963,1974,875,35.7,16.1,11,2.9,0.9,0.5,0.432,,0.699,60.8,0.093,,,,,
,Paul Pierce\piercpa01,1999,2017,1343,34.2,19.7,5.6,3.5,1.3,0.6,0.445,0.368,0.806,150,0.157,1,,,,
,Joe Dumars\dumarjo01,1986,1999,1018,34.5,16.1,2.2,4.5,0.9,0.1,0.46,0.382,0.843,86.2,0.118,1,,,,
,Ray Allen\allenra02,1997,2014,1300,35.6,18.9,4.1,3.4,1.1,0.2,0.452,0.4,0.894,145.1,0.15,,,,,
,Chris Webber\webbech01,1994,2008,831,37.1,20.7,9.8,4.2,1.4,1.4,0.479,0.299,0.649,84.7,0.132,,,,,
,Ed Macauley\macaued01,1950,1959,641,35.7,17.5,7.5,3.2,,,0.436,,0.761,100.4,0.196,,,,,
,Alex English\englial01,1977,1991,1193,31.9,21.5,5.5,3.6,0.9,0.7,0.507,0.217,0.832,100.7,0.127,,,,,
,Adrian Dantley\dantlad01,1977,1991,955,35.8,24.3,5.7,3,1,0.2,0.54,0.171,0.818,134.2,0.189,,,,,
,Artis Gilmore\gilmoar01,1977,1988,909,32.7,17.1,10.1,2,0.5,1.9,0.599,0.077,0.713,107.4,0.174,,,,,
,Cliff Hagan\hagancl01,1957,1966,745,29.2,18,6.9,3,,,0.45,,0.798,75.1,0.166,,,,,
,Dwight Howard\howardw01,2005,2021,1149,33,16.4,12.1,1.4,0.9,1.9,0.586,0.165,0.565,135.6,0.172,,,,,
,Tim Hardaway\hardati01,1990,2003,867,35.3,17.7,3.3,8.2,1.6,0.1,0.431,0.355,0.782,85,0.133,,,,,
,Chris Mullin\mullich01,1986,2001,986,32.6,18.2,4.1,3.5,1.6,0.6,0.509,0.384,0.865,93.1,0.139,,,,,
,Mitch Richmond\richmmi01,1989,2002,976,35.2,21,3.9,3.5,1.2,0.3,0.455,0.388,0.85,79.3,0.111,,,,,
,Sidney Moncrief\moncrsi01,1980,1991,767,30.2,15.6,4.7,3.6,1.2,0.3,0.502,0.284,0.831,90.3,0.187,,,,,
,Bob Dandridge\dandrbo01,1970,1982,839,35.2,18.5,6.8,3.4,1.3,0.6,0.484,0.167,0.78,80.3,0.131,,,,,
,Bob Love\lovebo01,1967,1977,789,31.8,17.6,5.9,1.4,0.8,0.2,0.429,,0.805,50.4,0.096,,,,,
,Jim Pollard\pollaji01,1949,1955,438,35.4,13.2,7.8,3.2,,,0.36,,0.75,34.9,0.093,,,,,
,Spencer Haywood\haywosp01,1971,1983,760,33.7,19.2,9.3,1.8,0.6,1.1,0.465,0.125,0.8,61.4,0.115,,,,,
,Dikembe Mutombo\mutomdi01,1992,2009,1196,30.8,9.8,10.3,1,0.4,2.8,0.518,0,0.684,117,0.153,,,,,
,Pau Gasol\gasolpa01,2002,2019,1226,33.4,17,9.2,3.2,0.5,1.6,0.507,0.368,0.753,144.1,0.169,,,,,
,Tracy McGrady\mcgratr01,1998,2012,938,32.7,19.6,5.6,4.4,1.2,0.9,0.435,0.338,0.746,97.3,0.152,,,,,
,Grant Hill\hillgr01,1995,2013,1026,33.9,16.7,6,4.1,1.2,0.6,0.483,0.314,0.769,99.9,0.138,,,,,
,Vince Carter\cartevi01,1999,2020,1541,30.1,16.7,4.3,3.1,1,0.6,0.435,0.371,0.798,125.3,0.13,,,,,
,Buck Williams\willibu01,1982,1998,1307,32.5,12.8,10,1.3,0.8,0.8,0.549,0.167,0.664,120.1,0.136,,,,,
,Slater Martin\martisl01,1950,1960,745,35.9,9.8,3.4,4.2,,,0.364,,0.762,47.5,0.087,,,,,
,Kevin Johnson\johnske02,1988,2000,735,34.1,17.9,3.3,9.1,1.5,0.2,0.493,0.305,0.841,92.8,0.178,,,,,
,Brad Daugherty\daughbr01,1987,1994,548,36.5,19,9.5,3.7,0.8,0.7,0.532,0.143,0.747,65.2,0.156,,,,,
,Walter Davis\daviswa03,1978,1992,1033,27.9,18.9,3,3.8,1.2,0.1,0.511,0.272,0.851,76.9,0.128,,,,,
,Carmelo Anthony\anthoca01,2004,2021,1156,35.4,23.3,6.4,2.9,1,0.5,0.447,0.35,0.812,103.4,0.121,,,,,
,Dan Issel\isselda01,1977,1985,718,31.1,20.4,7.9,2.5,1,0.6,0.506,0.253,0.797,82.3,0.177,,,,,
,Chris Paul\paulch01,2006,2021,1054,34.8,18.4,4.5,9.4,2.2,0.1,0.471,0.37,0.872,184.7,0.242,,,,,
,George McGinnis\mcginge01,1976,1982,528,30.7,17.2,9.8,3.8,1.7,0.4,0.448,0.08,0.651,36.2,0.107,,,,,
,Jamaal Wilkes\wilkeja01,1975,1986,828,32.9,17.7,6.2,2.5,1.3,0.3,0.499,0.135,0.759,71.3,0.125,,,,,
,Chet Walker\walkech01,1963,1975,1032,32.4,18.2,7.1,2.1,0.7,0.1,0.47,,0.796,117.4,0.168,,,,,
,George Yardley\yardlge01,1954,1960,472,33.4,19.2,8.9,1.7,,,0.422,,0.78,58.5,0.178,,,,,
,Kevin Porter\porteke01,1973,1983,659,29,11.6,1.8,8.1,1.4,0.1,0.483,0.188,0.737,36,0.09,,,,,
,Richie Guerin\gueriri01,1957,1970,848,32.4,17.3,5,5,,,0.416,,0.78,69.2,0.121,,,,,
,Norm Van Lier\vanlino01,1970,1979,746,35.1,11.8,4.8,7,1.8,0.2,0.414,,0.78,47.8,0.088,,,,,
,Willie Naulls\naullwi01,1957,1966,716,28.8,15.8,9.1,1.6,,,0.406,,0.812,34.3,0.08,,,,,
,Zelmo Beaty\beatyze01,1963,1975,570,32.2,16,10.4,1.5,0.7,0.4,0.469,,0.75,58.2,0.152,,,,,
,Marques Johnson\johnsma01,1978,1990,691,34.3,20.1,7,3.6,1.3,0.8,0.518,0.152,0.739,79.8,0.162,,,,,
,Jo Jo White\whitejo01,1970,1981,837,35.8,17.2,4,4.9,1.3,0.2,0.444,0.167,0.834,54,0.087,1,,,,
,Jack Sikma\sikmaja01,1978,1991,1107,33.4,15.6,9.8,3.2,1,0.9,0.464,0.328,0.849,112.5,0.146,,,,,
,Tom Chambers\chambto01,1982,1998,1107,30.6,18.1,6.1,2.1,0.8,0.6,0.468,0.307,0.807,79,0.112,,,,,
,Dick McGuire\mcguidi01,1950,1960,738,28.3,8,4.2,5.7,,,0.389,,0.644,50.9,0.115,,,,,
,Maurice Cheeks\cheekma01,1979,1993,1101,31.6,11.1,2.8,6.7,2.1,0.3,0.523,0.255,0.793,103.5,0.143,,,,,
,Ben Wallace\wallabe01,1997,2012,1088,29.5,5.7,9.6,1.3,1.3,2,0.474,0.137,0.414,93.5,0.14,,,,,
,Chauncey Billups\billuch01,1998,2014,1043,31.6,15.2,2.9,5.4,1,0.2,0.415,0.387,0.894,120.8,0.176,1,,,,
,Bailey Howell\howelba01,1960,1971,950,32.2,18.7,9.9,2,,,0.48,,0.762,114.8,0.18,,,,,
,Lou Hudson\hudsolo01,1967,1979,890,33.5,20.2,4.4,2.7,1.4,0.3,0.489,,0.797,81,0.131,,,,,
,Rudy Tomjanovich\tomjaru01,1971,1981,768,33.5,17.4,8.1,2,0.7,0.3,0.501,0.262,0.784,70.4,0.131,,,,,
,Deron Williams\willide01,2006,2017,845,34.2,16.3,3.1,8.1,1,0.2,0.445,0.357,0.822,77.3,0.129,,,,,
,Guy Rodgers\rodgegu01,1959,1970,892,32.1,11.7,4.3,7.8,,,0.378,,0.721,33.3,0.056,,,,,
,Anfernee Hardaway\hardaan01,1994,2008,704,33.7,15.2,4.5,5,1.6,0.4,0.458,0.316,0.774,61.9,0.125,,,,,
,Phil Chenier\cheniph01,1972,1981,578,33.1,17.2,3.6,3,1.6,0.6,0.444,0.4,0.806,39.3,0.099,,,,,
,Charlie Scott\scottch01,1972,1980,560,34.4,17.9,3.6,4.8,1.3,0.3,0.444,0.182,0.772,26.9,0.067,,,,,
,Bob Davies\daviebo01,1949,1955,462,31.3,14.3,2.9,4.9,,,0.378,,0.759,49.7,0.148,,,,,
,Harry Gallatin\gallaha01,1949,1958,682,31.9,13,11.9,1.8,,,0.398,,0.773,78.4,0.182,,,,,
,Maurice Lucas\lucasma01,1977,1988,855,29,14.4,8.8,2.3,0.7,0.6,0.473,0.111,0.763,58.7,0.114,,,,,
,Larry Foust\foustla01,1951,1962,817,29.2,13.7,9.8,1.7,,,0.405,,0.741,74.3,0.153,,,,,
,Michael Cooper\coopemi01,1979,1990,873,27.1,8.9,3.2,4.2,1.2,0.6,0.469,0.34,0.833,52.5,0.107,,,,,
,Paul Silas\silaspa01,1965,1980,1254,27.9,9.4,9.9,2.1,0.6,0.2,0.432,,0.673,79.9,0.11,,,,,
,Tony Parker\parketo01,2002,2019,1254,30.5,15.5,2.7,5.6,0.8,0.1,0.491,0.324,0.751,111.3,0.14,1,,,,
,Metta World Peace\artesro01,2000,2017,991,31.7,13.2,4.5,2.7,1.7,0.5,0.414,0.339,0.715,61.1,0.093,,,,,
,Paul Westphal\westppa01,1973,1984,823,25.5,15.6,1.9,4.4,1.3,0.3,0.504,0.275,0.82,67.7,0.155,,,,,
,Phil Smith\smithph01,1975,1983,659,29.1,15.1,3,3.9,1.1,0.3,0.476,0.253,0.779,41.1,0.103,,,,,
,Manu Ginóbili\ginobma01,2003,2018,1057,25.4,13.3,3.5,3.8,1.3,0.3,0.447,0.369,0.827,106.4,0.19,,,,,
,Amar'e Stoudemire\stoudam01,2003,2016,846,31,18.9,7.8,1.2,0.8,1.2,0.537,0.236,0.761,92.5,0.169,,,,,
,Vern Mikkelsen\mikkeve01,1950,1959,699,32.5,14.4,9.4,2.2,,,0.403,,0.766,83.4,0.17,,,,,
,Rudy LaRusso\larusru01,1960,1969,736,33.3,15.6,9.4,2.1,,,0.431,,0.767,61.4,0.12,,,,,
,Red Kerr\kerrre01,1955,1966,905,30.7,13.8,11.2,2.2,,,0.418,,0.723,61.8,0.107,,,,,
,Terry Cummings\cummite01,1983,2000,1183,28.7,16.4,7.3,1.9,1.1,0.5,0.484,0.295,0.706,91.1,0.129,,,,,
,Gus Williams\willigu01,1976,1987,825,31.1,17.1,2.7,5.6,2,0.4,0.461,0.238,0.756,67.9,0.127,,,,,
,Shawn Kemp\kempsh01,1990,2003,1051,27.9,14.6,8.4,1.6,1.1,1.2,0.488,0.277,0.741,89.5,0.147,,,,,
,Horace Grant\grantho01,1988,2004,1165,33.2,11.2,8.1,2.2,1,1,0.509,0.063,0.692,118.2,0.147,,,,,
,Shawn Marion\mariosh01,2000,2015,1163,34.5,15.2,8.7,1.9,1.5,1.1,0.484,0.331,0.81,124.9,0.15,,,,,
,Gene Shue\shuege01,1955,1964,699,33.4,14.4,4.1,3.7,,,0.396,,0.806,38.9,0.08,,,,,
,Yao Ming\mingya01,2003,2011,486,32.5,19,9.2,1.6,0.4,1.9,0.524,0.2,0.833,65.9,0.2,,,,,
,Mark Price\pricema01,1987,1998,722,29.9,15.2,2.6,6.7,1.2,0.1,0.472,0.402,0.904,71.1,0.158,,,,,
,Rasheed Wallace\wallara01,1996,2013,1109,32.7,14.4,6.7,1.8,1,1.3,0.467,0.336,0.721,105.1,0.139,,,,,
,Calvin Murphy\murphca01,1971,1983,1002,30.5,17.9,2.1,4.4,1.5,0.1,0.482,0.139,0.892,84.1,0.132,,,,,
,Bobby Wanzer\wanzebo01,1949,1957,568,32.5,12.2,4.5,3.2,,,0.393,,0.802,63.9,0.156,,,,,
,Bobby Jones\jonesbo01,1977,1986,774,26.1,11.5,5.5,2.4,1.4,1.3,0.55,0,0.78,73.7,0.175,,,,,
,Mark Jackson\jacksma01,1988,2004,1296,30.2,9.6,3.8,8,1.2,0.1,0.447,0.332,0.77,91.8,0.113,,,,,
,Otis Birdsong\birdsot01,1978,1989,696,31.1,18,3,3.2,1.2,0.2,0.506,0.274,0.655,48.2,0.107,,,,,
,Johnny Green\greenjo01,1960,1973,1057,23.3,11.6,8.6,1.4,,,0.493,,0.553,58,0.113,,,,,
,John Drew\drewjo01,1975,1985,739,29.5,20.7,6.9,1.7,1.4,0.3,0.47,0.175,0.748,68.9,0.152,,,,,
,Tom Gola\golato01,1956,1966,698,32.3,11.3,8,4.2,,,0.431,,0.76,53.2,0.113,,,,,
,Larry Nance\nancela01,1982,1994,920,33.4,17.1,8,2.6,0.9,2.2,0.546,0.145,0.755,109.6,0.171,,,,,
,Randy Smith\smithra01,1972,1983,976,32.2,16.7,3.7,4.6,1.7,0.1,0.47,0.155,0.781,60.1,0.092,,,,,
,Terry Porter\portete01,1986,2002,1274,27.8,12.2,3,5.6,1.2,0.1,0.463,0.386,0.836,110.4,0.15,,,,,
,Rolando Blackman\blackro01,1982,1994,980,32.7,18,3.3,3,0.7,0.3,0.493,0.343,0.84,75.6,0.113,,,,,
,Andy Phillip\phillan01,1948,1958,701,32.2,9.1,4.4,5.4,,,0.368,,0.695,60.8,0.101,,,,,
,Clyde Lovellette\lovelcl01,1954,1964,704,27.1,17,9.5,1.6,,,0.443,,0.757,70.6,0.178,,,,,
,Chris Bosh\boshch01,2004,2016,893,35.8,19.2,8.5,2,0.8,1,0.494,0.335,0.799,106,0.159,,,,,
,Bill Bradley\bradlbi01,1968,1977,742,30.7,12.4,3.2,3.4,0.7,0.2,0.448,,0.84,38.8,0.082,,,,,
,Larry Johnson\johnsla02,1992,2001,707,36.3,16.2,7.5,3.3,0.7,0.4,0.484,0.332,0.766,69.7,0.13,,,,,
,Jermaine O'Neal\onealje01,1997,2014,1011,27.1,13.2,7.2,1.4,0.5,1.8,0.467,0.147,0.715,66,0.116,,,,,
,Andrew Toney\toneyan01,1981,1988,468,26.9,15.9,2.2,4.2,0.8,0.2,0.5,0.342,0.797,26.9,0.103,,,,,
,Reggie Theus\theusre01,1979,1991,1026,33.7,18.5,3.3,6.3,1.2,0.2,0.471,0.252,0.826,66.9,0.093,,,,,
,Elton Brand\brandel01,2000,2016,1058,33,15.9,8.5,2.1,0.9,1.7,0.5,0.095,0.736,109.6,0.151,,,,,
,K.C. Jones\joneskc01,1959,1967,676,25.9,7.4,3.5,4.3,,,0.387,,0.647,38.6,0.106,,,,,
,Jerry Sloan\sloanje01,1966,1976,755,34.1,14,7.4,2.5,2.2,0.2,0.427,,0.722,49.5,0.092,,,,,
,Jamal Mashburn\mashbja01,1994,2004,611,37.3,19.1,5.4,4,1,0.2,0.418,0.345,0.766,43.7,0.092,,,,,
,Bob Rule\rulebo01,1968,1975,403,29.4,17.4,8.3,1.5,0.4,0.4,0.461,,0.686,22.7,0.092,,,,,
,Derrick Coleman\colemde01,1991,2005,781,33.2,16.5,9.3,2.5,0.8,1.3,0.447,0.295,0.769,64.3,0.119,,,,,
,Gilbert Arenas\arenagi01,2002,2012,552,35.1,20.7,3.9,5.3,1.6,0.2,0.421,0.351,0.803,51.3,0.127,,,,,
,Joe Johnson\johnsjo02,2002,2018,1276,34.7,16,4,3.9,0.8,0.2,0.441,0.371,0.802,82.8,0.09,,,,,
,Joe Caldwell\caldwjo01,1965,1970,468,29.6,15.2,5.1,2.7,,,0.459,,0.634,23.9,0.083,,,,,
,Norm Nixon\nixonno01,1978,1989,768,35.5,15.7,2.6,8.3,1.5,0.1,0.483,0.294,0.772,47.6,0.084,,,,,
,Mark Aguirre\aguirma01,1982,1994,923,30,20,5,3.1,0.7,0.3,0.484,0.312,0.741,67.8,0.117,,,,,
,Micheal Ray Richardson\richami01,1979,1986,556,33.4,14.8,5.5,7,2.6,0.4,0.457,0.22,0.69,35.2,0.091,,,,,
,Archie Clark\clarkar01,1967,1976,725,32.5,16.3,3.3,4.8,1.1,0.1,0.48,,0.769,64.7,0.132,,,,,
,Jimmy Walker\walkeji01,1968,1976,698,33.8,16.7,2.7,3.5,1.1,0.2,0.461,,0.829,42.9,0.087,,,,,
,Doug Collins\collido01,1974,1981,415,33.6,17.9,3.2,3.3,1.2,0.3,0.501,0,0.833,38,0.131,,,,,
,Kiki Vandeweghe\vandeki01,1981,1993,810,30.3,19.7,3.4,2.1,0.6,0.3,0.525,0.368,0.872,75.6,0.148,,,,,
,Larry Kenon\kenonla01,1977,1983,503,30.8,17,7.8,2.6,1.3,0.3,0.489,0.1,0.798,36.5,0.113,,,,,
,Alvin Robertson\roberal01,1985,1996,779,31.7,14,5.2,5,2.7,0.4,0.477,0.295,0.743,52.1,0.101,,,,,
,Sam Cassell\cassesa01,1994,2008,993,30,15.7,3.2,6,1.1,0.2,0.454,0.331,0.861,87.5,0.141,,,,,
,World B. Free\freewo01,1976,1988,886,30.4,20.3,2.7,3.7,1,0.3,0.456,0.337,0.753,67.7,0.121,,,,,
,Stephon Marbury\marbust01,1997,2009,846,37.7,19.3,3,7.6,1.2,0.1,0.433,0.325,0.784,77.5,0.117,,,,,
,Fat Lever\leverfa01,1983,1994,752,31.7,13.9,6,6.2,2.2,0.3,0.447,0.31,0.771,61.2,0.123,,,,,
,Baron Davis\davisba01,2000,2012,835,34.2,16.1,3.8,7.2,1.8,0.4,0.409,0.32,0.711,63.1,0.106,,,,,
,Bill Bridges\bridgbi01,1963,1975,926,33.3,11.9,11.9,2.8,0.7,0.4,0.442,,0.693,59.9,0.093,,,,,
,Lamar Odom\odomla01,2000,2013,961,33.4,13.3,8.4,3.7,0.9,0.9,0.463,0.312,0.693,77,0.115,,,,,
,Kelly Tripucka\tripuke01,1982,1991,707,29.6,17.2,3.8,3,1,0.2,0.473,0.361,0.849,44.4,0.102,,,,,
,Wayne Embry\embrywa01,1959,1969,831,26.2,12.5,9.1,1.4,,,0.44,,0.64,37.8,0.083,,,,,
,Mookie Blaylock\blaylmo01,1990,2002,889,34.9,13.5,4.1,6.7,2.3,0.3,0.409,0.336,0.736,71.8,0.111,,,,,
,Alvan Adams\adamsal01,1976,1988,988,27.5,14.1,7,4.1,1.3,0.8,0.498,0.133,0.788,73.5,0.13,,,,,
,Carlos Boozer\boozeca01,2003,2015,861,31.2,16.2,9.5,2.2,0.9,0.4,0.521,0.071,0.722,80.3,0.143,,,,,
,Don Ohl\ohldo01,1961,1970,727,30.8,15.9,3,3.1,,,0.434,,0.732,30.2,0.065,,,,,
,Marcus Camby\cambyma01,1997,2013,973,29.5,9.5,9.8,1.9,1,2.4,0.466,0.205,0.67,81.6,0.137,,,,,
,Rod Strickland\stricro02,1989,2005,1094,30.7,13.2,3.7,7.3,1.5,0.2,0.454,0.282,0.721,85.8,0.122,,,,,
,Carl Braun\braunca01,1948,1962,788,29.8,13.5,3.4,3.7,,,0.383,,0.804,64.3,0.119,,,,,
,Jeff Malone\malonje01,1984,1996,905,32.8,19,2.6,2.4,0.6,0.1,0.484,0.268,0.871,54.2,0.088,,,,,
,Danny Manning\mannida01,1989,2003,883,27.4,14,5.2,2.3,1.1,0.9,0.511,0.206,0.729,55.1,0.109,,,,,
,Charles Oakley\oaklech01,1986,2004,1282,31.4,9.7,9.5,2.5,1.1,0.3,0.471,0.253,0.761,89.7,0.107,,,,,
,Sidney Wicks\wickssi01,1972,1981,760,33.9,16.8,8.7,3.2,1,0.7,0.459,0,0.685,42.4,0.079,,,,,
,John Williamson\willijo01,1977,1981,288,31.8,20.1,2.5,2.8,1.1,0.2,0.449,0.293,0.833,13.4,0.07,,,,,
,Arnie Risen\risenar01,1949,1958,637,28.3,12,9.7,1.7,,,0.381,,0.699,56,0.119,,,,,
,Cedric Maxwell\maxwece01,1978,1988,835,28.5,12.5,6.3,2.2,0.8,0.5,0.546,0.053,0.784,78.5,0.159,1,,,,
,Darrell Griffith\griffda01,1981,1991,765,28,16.2,3.3,2.1,1.2,0.3,0.463,0.332,0.707,22,0.049,,,,,
,Ray Scott\scottra01,1962,1970,684,31.2,14.9,10.5,2.4,,,0.405,,0.72,30.8,0.069,,,,,
,Cazzie Russell\russeca01,1967,1978,817,27.2,15.1,3.8,2.2,0.8,0.1,0.464,,0.827,51.7,0.112,,,,,
,Dale Ellis\ellisda01,1984,2000,1209,28.8,15.7,3.5,1.4,0.8,0.2,0.479,0.403,0.784,84.7,0.117,,,,,
,Reggie Lewis\lewisre01,1988,1993,450,32.6,17.6,4.3,2.6,1.3,0.9,0.488,0.2,0.824,38.9,0.127,,,,,
,Richard Hamilton\hamilri01,2000,2013,921,32.1,17.1,3.1,3.4,0.8,0.1,0.449,0.346,0.852,62.8,0.102,,,,,
,Michael Redd\reddmi01,2001,2012,629,32,19,3.8,2.1,0.9,0.1,0.447,0.38,0.838,55.9,0.134,,,,,
,Peja Stojaković\stojape01,1999,2011,804,33.5,17,4.7,1.8,0.9,0.1,0.45,0.401,0.895,82.6,0.147,,,,,
,Latrell Sprewell\sprewla01,1993,2005,913,38.6,18.3,4.1,4,1.4,0.4,0.425,0.337,0.804,56.3,0.077,,,,,
,Derek Harper\harpede01,1984,1999,1199,31.5,13.3,2.4,5.5,1.6,0.3,0.463,0.354,0.745,86.8,0.11,,,,,
,Steve Francis\francst01,2000,2008,576,37.6,18.1,5.6,6,1.5,0.4,0.429,0.341,0.797,54.1,0.12,,,,,
,Mickey Johnson\johnsmi01,1975,1986,904,27.7,14.1,7.2,3,1.1,0.7,0.449,0.165,0.8,58.6,0.113,,,,,
,Jason Richardson\richaja01,2002,2015,857,34.1,17.1,5,2.7,1.2,0.4,0.438,0.37,0.707,59.1,0.097,,,,,
,Purvis Short\shortpu01,1979,1990,842,29.2,17.3,4.3,2.5,1,0.2,0.474,0.282,0.824,51.1,0.1,,,,,
,Orlando Woolridge\woolror01,1982,1994,851,28.3,16,4.3,1.9,0.6,0.7,0.513,0.091,0.737,53,0.106,,,,,
,Austin Carr\carrau01,1972,1981,682,28.8,15.4,2.9,2.8,0.8,0.1,0.449,0.154,0.804,32.9,0.08,,,,,
,Max Zaslofsky\zasloma01,1947,1956,540,28.3,14.8,2.8,2,,,0.343,,0.769,48.3,0.057,,,,,
,Bill Laimbeer\laimbbi01,1981,1994,1068,31.8,12.9,9.7,2,0.7,0.9,0.498,0.326,0.837,105.6,0.149,,,,,
,Antawn Jamison\jamisan01,1999,2014,1083,34.8,18.5,7.5,1.6,1,0.4,0.451,0.346,0.724,87.8,0.112,,,,,
,Clark Kellogg\kellocl01,1983,1987,260,32.7,18.9,9.5,2.9,1.5,0.4,0.497,0.338,0.757,20.9,0.118,,,,,
,Antoine Walker\walkean02,1997,2008,893,35.3,17.5,7.7,3.5,1.2,0.5,0.414,0.325,0.633,38.1,0.058,,,,,
,Jim McMillian\mcmilji01,1971,1979,631,32.1,13.8,5.3,2.5,1.1,0.2,0.482,,0.832,46,0.109,,,,,
,Truck Robinson\robintr01,1975,1985,772,32.6,15.5,9.4,1.7,0.7,0.7,0.483,1,0.662,52.7,0.101,,,,,
,Jeff Ruland\rulanje01,1982,1993,332,33.4,17.4,10.2,3,0.8,0.8,0.564,0.158,0.718,34.3,0.149,,,,,
,A.C. Green\greenac01,1986,2001,1278,28.6,9.6,7.4,1.1,0.8,0.4,0.494,0.254,0.734,99.5,0.131,,,,,
,Walter Dukes\dukeswa01,1956,1963,553,26.5,10.4,11.3,1.1,,,0.369,,0.7,24,0.079,,,,,
,Zydrunas Ilgauskas\ilgauzy01,1998,2011,843,27.2,13,7.3,1.1,0.5,1.6,0.476,0.31,0.78,66.3,0.139,,,,,
,Quinn Buckner\bucknqu01,1977,1986,719,22.6,8.2,2.7,4.3,1.9,0.1,0.461,0.184,0.657,24.7,0.073,,,,,
,Glenn Robinson\robingl01,1995,2005,688,36.8,20.7,6.1,2.7,1.2,0.6,0.459,0.34,0.82,39.8,0.075,,,,,
,Bruce Bowen\bowenbr01,1997,2009,873,27.6,6.1,2.8,1.2,0.8,0.4,0.409,0.393,0.575,42.9,0.086,,,,,
,Detlef Schrempf\schrede01,1986,2001,1136,29.6,13.9,6.2,3.4,0.8,0.3,0.491,0.384,0.803,109.5,0.156,,,,,
,Terry Dischinger\dischte01,1963,1973,652,27.4,13.8,5.6,1.8,,,0.506,,0.758,56.3,0.152,,,,,
,Toni Kukoč\kukocto01,1994,2006,846,26.3,11.6,4.2,3.7,1,0.3,0.447,0.335,0.729,59.6,0.129,,,,,
,Mike Bibby\bibbymi01,1999,2012,1001,33.9,14.7,3.1,5.5,1.2,0.1,0.436,0.379,0.802,73.2,0.104,,,,,
,Ralph Sampson\sampsra01,1984,1992,456,29.8,15.4,8.8,2.3,0.9,1.6,0.486,0.172,0.661,20.1,0.071,,,,,
,Frank Ramsey\ramsefr01,1955,1964,623,24.6,13.4,5.5,1.8,,,0.399,,0.804,49.2,0.154,,,,,
,Anthony Mason\masonan01,1990,2003,882,34.7,10.9,8.3,3.4,0.7,0.3,0.509,0.167,0.709,88.3,0.138,,,,,
,Andre Miller\millean02,2000,2016,1304,30.9,12.5,3.7,6.5,1.2,0.2,0.461,0.217,0.807,100.8,0.12,,,,,
,Happy Hairston\hairsha01,1965,1975,776,31.4,14.8,10.3,1.6,0.8,0.2,0.478,,0.741,70,0.138,,,,,
,Shareef Abdur-Rahim\abdursh01,1997,2008,830,34.8,18.1,7.5,2.5,1,0.8,0.472,0.297,0.81,71.2,0.118,,,,,
,Doug Christie\chrisdo01,1993,2007,827,31.5,11.2,4.1,3.6,1.9,0.5,0.426,0.354,0.821,55.7,0.102,,,,,
,Geoff Petrie\petrige01,1971,1976,446,37.6,21.8,2.8,4.6,1.1,0.1,0.455,,0.805,26.1,0.075,,,,,
,Rony Seikaly\seikaro01,1989,1999,678,31.6,14.7,9.5,1.3,0.7,1.3,0.484,0.188,0.679,37.3,0.084,,,,,
,David West\westda01,2004,2018,1034,28.2,13.6,6.4,2.2,0.7,0.8,0.495,0.265,0.817,85.9,0.141,,,,,
,Eddie Jones\jonesed02,1995,2008,954,34.4,14.8,4,2.9,1.7,0.6,0.437,0.373,0.809,100.6,0.147,,,,,
,Dan Majerle\majerda01,1989,2002,955,31.6,11.4,4.5,2.9,1.3,0.4,0.431,0.358,0.741,78.5,0.125,,,,,
,John Lucas\lucasjo01,1977,1990,928,27.5,10.7,2.3,7,1.4,0.1,0.449,0.303,0.776,53.7,0.101,,,,,
,Jeff Hornacek\hornaje01,1987,2000,1077,31.5,14.5,3.4,4.9,1.4,0.2,0.496,0.403,0.877,108.9,0.154,,,,,
,Dan Roundfield\roundda01,1977,1987,746,31.4,15.2,9.7,2.2,0.9,1.5,0.485,0.115,0.738,65.2,0.134,,,,,
,Caldwell Jones\jonesca01,1977,1990,1068,24.8,6.2,7.2,1.3,0.4,1.4,0.473,0.065,0.753,44.3,0.08,,,,,
,Brian Winters\wintebr01,1975,1983,650,30.7,16.2,2.6,4.1,1.2,0.3,0.475,0.363,0.842,38.6,0.093,,,,,
,Otis Thorpe\thorpot01,1985,2001,1257,31.7,14,8.2,2.2,0.7,0.4,0.546,0.047,0.687,106.4,0.128,,,,,
,Jack Marin\marinja01,1967,1977,849,29,14.8,5.2,2.1,0.5,0.2,0.465,,0.843,59.3,0.116,,,,,
,Terrell Brandon\brandte01,1992,2002,724,29.8,13.8,3,6.1,1.6,0.3,0.448,0.355,0.873,65.9,0.147,,,,,
,Clifford Robinson\robincl02,1990,2007,1380,30.8,14.2,4.6,2.2,1,1,0.438,0.356,0.689,89.7,0.101,,,,,
,Zach Randolph\randoza01,2002,2018,1116,31,16.6,9.1,1.8,0.7,0.3,0.471,0.273,0.764,81.1,0.112,,,,,
,Scott Wedman\wedmasc01,1975,1987,906,28.6,13.2,4.8,2,0.9,0.3,0.481,0.335,0.794,53.7,0.099,,,,,
,Bob Boozer\boozebo01,1961,1971,874,29.2,14.8,8.1,1.4,,,0.462,,0.761,64.2,0.121,,,,,
,Rik Smits\smitsri01,1989,2000,867,26.6,14.8,6.1,1.4,0.4,1.3,0.507,0.115,0.773,56.6,0.118,,,,,
,Vlade Divac\divacvl01,1990,2005,1134,29.8,11.8,8.2,3.1,1.1,1.4,0.495,0.235,0.692,96.4,0.137,,,,,
,Sleepy Floyd\floydsl01,1983,1995,957,27.6,12.8,2.6,5.4,1.2,0.2,0.444,0.324,0.815,50.6,0.092,,,,,
,Doc Rivers\riverdo01,1984,1996,864,27.3,10.9,3,5.7,1.8,0.4,0.444,0.328,0.784,68.2,0.139,,,,,
,Larry Costello\costela01,1955,1968,706,30,12.2,3.8,4.6,,,0.438,,0.841,62.7,0.142,,,,,
,Xavier McDaniel\mcdanxa01,1986,1998,870,29,15.6,6.1,2,0.9,0.5,0.485,0.261,0.718,47.8,0.091,,,,,
,Eddie Johnson\johnsed02,1978,1987,675,29.6,15.1,2.3,5.1,1.1,0.1,0.476,0.326,0.791,41,0.098,,,,,
,Eddie Johnson\johnsed03,1982,1999,1199,27.2,16,4,2.1,0.6,0.2,0.472,0.335,0.84,65.6,0.097,,,,,
,Bill Cartwright\cartwbi01,1980,1995,963,28.5,13.2,6.3,1.4,0.5,0.7,0.525,0,0.771,72.8,0.127,,,,,
,Cliff Robinson\robincl01,1980,1992,629,30.7,17.2,8.3,2,1,0.7,0.468,0.184,0.722,30.5,0.076,,,,,
,Kenny Sears\searske01,1956,1964,529,28.2,13.9,7.8,1.6,,,0.455,,0.826,55.8,0.179,,,,,
,Michael Finley\finlemi01,1996,2010,1103,34.4,15.7,4.4,2.9,0.9,0.3,0.444,0.375,0.811,85.2,0.108,,,,,
,Phil Ford\fordph01,1979,1985,482,28,11.6,1.8,6.4,1.2,0.1,0.467,0.21,0.82,23.3,0.083,,,,,
,Jeff Mullins\mullije01,1965,1976,804,30.6,16.2,4.3,3.8,0.8,0.2,0.463,,0.814,62.8,0.123,,,,,
,Mel Hutchins\hutchme01,1952,1958,437,37.9,11.1,9.6,3,,,0.389,,0.673,27.9,0.081,,,,,
,Tom Gugliotta\guglito01,1993,2005,763,30.9,13,7.3,2.8,1.4,0.6,0.451,0.284,0.757,40.2,0.082,,,,,
,Nick Van Exel\vanexni01,1994,2006,880,32.9,14.4,2.9,6.6,0.8,0.1,0.405,0.357,0.794,55.9,0.093,,,,,
,Lucius Allen\allenlu01,1970,1979,702,28.7,13.4,3.1,4.5,1.5,0.3,0.463,,0.76,42,0.1,,,,,
,Mike Mitchell\mitchmi01,1979,1988,759,32.3,19.8,5.6,1.3,0.7,0.5,0.493,0.216,0.779,50.2,0.098,,,,,
,Jerry Stackhouse\stackje01,1996,2013,970,31.2,16.9,3.2,3.3,0.9,0.5,0.409,0.309,0.822,52.4,0.083,,,,,
,Don Chaney\chanedo01,1969,1980,742,23.5,8.4,3.9,2.1,1.2,0.5,0.438,0.167,0.776,35.5,0.098,,,,,
,Damon Stoudamire\stoudda01,1996,2008,878,33.2,13.4,3.5,6.1,1.1,0.1,0.406,0.357,0.833,55.4,0.091,,,,,
,Glen Rice\ricegl01,1990,2004,1000,35,18.3,4.4,2.1,1,0.3,0.456,0.4,0.846,88.7,0.122,,,,,
,Kenyon Martin\martike01,2001,2015,757,30.6,12.3,6.8,1.9,1.2,1.1,0.483,0.234,0.629,48,0.1,,,,,
,Calvin Natt\nattca01,1980,1990,599,31.4,17.2,6.8,2.2,0.9,0.3,0.528,0.219,0.768,57.2,0.146,,,,,
,Swen Nater\natersw01,1977,1984,489,28.4,12.2,10.8,2,0.5,0.5,0.537,0.25,0.76,36.9,0.128,,,,,
,Rashard Lewis\lewisra02,1999,2014,1049,32,14.9,5.2,1.7,1.1,0.5,0.452,0.386,0.805,90.9,0.13,,,,,
,Tom Sanders\sandeto01,1961,1973,916,24.2,9.6,6.3,1.1,,,0.428,,0.767,56.5,0.122,,,,,
,Sam Lacey\laceysa01,1971,1983,1002,31.8,10.3,9.7,3.7,1.3,1.5,0.441,0.188,0.738,50.9,0.077,,,,,
,Fred Brown\brownfr01,1972,1984,963,25.4,14.6,2.7,3.3,1.4,0.2,0.478,0.373,0.858,63.2,0.124,,,,,
,Elmore Smith\smithel01,1972,1979,562,31.8,13.4,10.6,1.4,0.8,2.9,0.482,,0.579,34.7,0.093,,,,,
,Joe Barry Carroll\carrojo01,1981,1991,705,32.4,17.7,7.7,1.8,1,1.6,0.474,0,0.747,35.6,0.075,,,,,
,Sam Perkins\perkisa01,1985,2001,1286,28.5,11.9,6,1.5,0.9,0.7,0.459,0.362,0.811,105.4,0.138,,,,,
,Dick Barnett\barnedi01,1960,1974,971,29.8,15.8,2.9,2.8,0.2,0,0.456,,0.761,68.7,0.114,,,,,
,Sean Elliott\elliose01,1990,2001,742,33,14.2,4.3,2.6,0.8,0.4,0.465,0.375,0.799,55.7,0.109,,,,,
,Dick Van Arsdale\vanardi01,1966,1977,921,34.5,16.4,4.1,3.3,0.9,0.2,0.464,,0.79,75.2,0.114,,,,,
,Tom Van Arsdale\vanarto01,1966,1977,929,30.9,15.3,4.2,2.2,0.7,0.1,0.431,,0.762,36.6,0.061,,,,,
,Slick Watts\wattssl01,1974,1979,437,26.3,8.9,3.2,6.1,2.2,0.3,0.413,,0.597,13.8,0.058,,,,,
,Tom Meschery\meschto01,1962,1971,778,30.2,12.7,8.6,1.7,,,0.441,,0.745,43.6,0.089,,,,,
,Theo Ratliff\ratlith01,1996,2011,810,25.3,7.2,5.7,0.6,0.5,2.4,0.496,0,0.71,47.9,0.112,,,,,
,Kenny Anderson\anderke01,1992,2005,858,30.1,12.6,3.1,6.1,1.5,0.1,0.421,0.346,0.79,62.5,0.116,,,,,
,Wayman Tisdale\tisdawa01,1986,1997,840,28.4,15.3,6.1,1.3,0.6,0.6,0.505,0,0.76,45.7,0.092,,,,,
,Ray Williams\willira01,1978,1987,655,28.2,15.5,3.6,5.8,1.8,0.3,0.451,0.237,0.802,37.1,0.096,,,,,
,Lionel Hollins\hollili01,1976,1985,673,27.4,11.6,2.4,4.5,1.6,0.3,0.444,0.149,0.741,22.9,0.059,,,,,
,Danny Ainge\aingeda01,1982,1995,1042,26.6,11.5,2.7,4,1.1,0.1,0.469,0.378,0.846,71.5,0.124,,,,,
,Kenny Smith\smithke01,1988,1997,737,30.1,12.8,2,5.5,1,0.1,0.48,0.399,0.829,46.8,0.101,,,,,
,Fred Carter\cartefr01,1970,1977,611,30,15.2,3.9,3.5,1.2,0.2,0.425,,0.693,14.8,0.039,,,,,
,Gerald Wallace\wallage01,2002,2015,832,29.7,11.9,5.8,2.1,1.4,0.8,0.469,0.312,0.709,59.7,0.116,,,,,
,Caron Butler\butleca01,2003,2016,881,32.2,14.1,5,2.3,1.3,0.2,0.434,0.348,0.847,50.9,0.086,,,,,
,Allan Houston\houstal01,1994,2005,839,33.7,17.3,2.9,2.4,0.7,0.2,0.444,0.402,0.863,55.3,0.094,,,,,
,Byron Scott\scottby01,1984,1997,1073,28.1,14.1,2.8,2.5,1.1,0.3,0.482,0.37,0.833,75.2,0.12,,,,,
,Ron Harper\harpero01,1987,2001,1009,30.9,13.8,4.3,3.9,1.7,0.7,0.446,0.289,0.72,65.8,0.101,,,,,
,Luke Jackson\jackslu01,1965,1972,522,26.4,9.9,8.8,1.6,,,0.415,,0.722,22.3,0.078,,,,,
,Lionel Simmons\simmoli01,1991,1997,454,29.7,12.8,6.2,3.3,1.1,0.8,0.433,0.305,0.771,16.9,0.06,,,,,
,Greg Ballard\ballagr01,1978,1989,802,27.5,12.4,6.1,2.2,1.1,0.3,0.472,0.338,0.787,54,0.117,,,,,
,Arvydas Sabonis\sabonar01,1996,2003,470,24.2,12,7.3,2.1,0.8,1.1,0.5,0.328,0.786,47.3,0.2,,,,,
,Danny Granger\grangda01,2006,2015,586,31.5,16.8,4.9,1.9,1,0.8,0.434,0.38,0.848,48.5,0.126,,,,,
,Andre Iguodala\iguodan01,2005,2021,1163,32.8,11.8,5,4.3,1.5,0.5,0.464,0.333,0.708,98.1,0.123,,,,,
,Michael Adams\adamsmi01,1986,1996,653,31.3,14.7,2.9,6.4,1.7,0.1,0.415,0.332,0.849,46.9,0.11,,,,,
,Billy Knight\knighbi01,1977,1985,671,27.4,15.7,4.5,2.1,0.9,0.1,0.506,0.274,0.83,48.5,0.126,,,,,
,Ben Gordon\gordobe01,2005,2015,744,27.4,14.9,2.5,2.5,0.7,0.2,0.432,0.401,0.857,33.3,0.078,,,,,
,Jay Vincent\vinceja01,1982,1990,576,27,15.2,5.5,2,0.7,0.3,0.474,0.148,0.784,27.5,0.085,,,,,
,Kevin Willis\willike02,1985,2007,1424,26.9,12.1,8.4,0.9,0.7,0.5,0.487,0.211,0.713,81.8,0.102,,,,,
,Jim Chones\choneji01,1975,1982,623,30.7,12.3,8.3,1.7,0.5,1,0.468,0,0.704,37.4,0.094,,,,,
,Vinnie Johnson\johnsvi01,1980,1992,984,24.7,12,3.2,3.3,0.9,0.3,0.464,0.254,0.74,50.8,0.1,,,,,
,Roy Tarpley\tarplro01,1987,1995,280,26.7,12.6,10,1,1.1,1.2,0.483,0.176,0.744,19.8,0.127,,,,,
,Vin Baker\bakervi01,1994,2006,791,32.5,15,7.4,1.9,0.7,1,0.485,0.215,0.638,47,0.088,,,,,
,Darryl Dawkins\dawkida01,1976,1989,726,23.7,12,6.1,1.3,0.5,1.4,0.572,0.133,0.685,46.4,0.129,,,,,
,Jim Jackson\jacksji01,1993,2006,885,32.8,14.3,4.7,3.2,0.8,0.2,0.428,0.365,0.825,35.8,0.059,,,,,
,Nick Anderson\anderni01,1990,2002,800,31.2,14.4,5.1,2.6,1.4,0.5,0.446,0.356,0.667,55.3,0.106,,,,,
,Jameer Nelson\nelsoja01,2005,2018,878,27.9,11.3,3,5.1,0.9,0.1,0.436,0.368,0.81,48.3,0.094,,,,,
,Al Jefferson\jeffeal01,2005,2018,915,28.7,15.7,8.4,1.5,0.7,1.2,0.499,0.121,0.711,71,0.13,,,,,
,Rodney McCray\mccraro01,1984,1993,768,32.4,11.7,6.6,3.6,0.8,0.6,0.503,0.26,0.761,56,0.108,,,,,
,Paul Pressey\presspa01,1983,1993,724,27.2,10.6,3.9,5.1,1.4,0.6,0.485,0.222,0.749,49,0.12,,,,,
,Muggsy Bogues\boguemu01,1988,2001,889,28.6,7.7,2.6,7.6,1.5,0,0.458,0.278,0.827,54,0.102,,,,,
,Mahmoud Abdul-Rauf\abdulma02,1991,2001,586,26.7,14.6,1.9,3.5,0.8,0.1,0.442,0.354,0.905,25.2,0.077,,,,,
,Campy Russell\russeca02,1975,1985,566,29.6,15.8,4.8,3,1,0.2,0.459,0.366,0.772,35.8,0.103,,,,,
,Monta Ellis\ellismo01,2006,2017,833,34.8,17.8,3.5,4.6,1.7,0.3,0.451,0.314,0.772,41.9,0.069,,,,,
,Nat Clifton\cliftna01,1951,1958,544,30,10,8.2,2.5,,,0.361,,0.633,15,0.052,,,,,
,Robert Horry\horryro01,1993,2008,1107,24.5,7,4.8,2.1,1,0.9,0.425,0.341,0.726,66.3,0.118,,,,,
,Steve Smith\smithst01,1992,2005,942,30.6,14.3,3.2,3.1,0.8,0.3,0.44,0.358,0.845,83.7,0.139,,,,,
,Tayshaun Prince\princta01,2003,2016,1017,31,11.1,4.3,2.4,0.6,0.5,0.455,0.367,0.756,63.1,0.096,,,,,
,Sherman Douglas\douglsh01,1990,2001,765,27.6,11,2.2,5.9,1,0.1,0.484,0.267,0.678,32.9,0.075,,,,,
,Walt Hazzard\abdulma01,1965,1974,724,26.5,12.6,3,4.9,0.5,0.1,0.441,,0.757,30.3,0.076,,,,,
,Chuck Person\persoch01,1987,2000,943,30.7,14.7,5.1,2.8,0.7,0.2,0.458,0.362,0.723,38.9,0.065,,,,,
,Armen Gilliam\gilliar01,1988,2000,929,28.4,13.7,6.9,1.2,0.7,0.7,0.489,0,0.776,58.1,0.106,,,,,
,John Johnson\johnsjo01,1971,1982,869,29.6,12.9,5.5,3.8,0.8,0.4,0.446,0,0.779,37.1,0.069,,,,,
,Jalen Rose\roseja01,1995,2007,923,30.3,14.3,3.5,3.8,0.8,0.3,0.443,0.355,0.801,47.2,0.081,,,,,
,Scott Skiles\skilesc01,1987,1996,600,28,11.1,2.5,6.5,0.8,0,0.435,0.379,0.889,30.4,0.087,,,,,
,Flynn Robinson\robinfl01,1967,1973,494,23.4,14.5,2.6,3.1,,,0.456,,0.849,31.3,0.13,,,,,
,Ricky Sobers\soberri01,1976,1986,821,28,13.3,2.6,4.3,1.3,0.2,0.459,0.291,0.843,32,0.067,,,,,
,Mike Bantom\bantomi01,1974,1982,706,27.9,12.1,6.4,2.3,0.9,0.7,0.468,0.2,0.692,34.8,0.085,,,,,
,Ricky Pierce\piercri01,1983,1998,969,24.4,14.9,2.4,1.9,0.8,0.2,0.493,0.322,0.875,72.2,0.146,,,,,
,John Shumate\shumajo01,1976,1981,318,28.9,12.3,7.5,1.8,1,0.7,0.516,0,0.72,24.5,0.128,,,,,
,Derek Fisher\fishede01,1997,2014,1287,25.4,8.3,2.1,3,1.1,0.1,0.399,0.374,0.817,62.3,0.091,,,,,
,John Starks\starkjo01,1989,2002,866,27.2,12.5,2.5,3.6,1.1,0.1,0.412,0.34,0.769,49.9,0.102,,,,,
,Antonio McDyess\mcdyean01,1996,2011,1015,27.6,12,7.5,1.3,0.8,1.1,0.497,0.117,0.67,69.8,0.119,,,,,
,Stephen Jackson\jacksst02,2001,2014,858,31.9,15.1,3.9,3.1,1.3,0.4,0.414,0.333,0.798,36.1,0.063,,,,,
,Larry Drew\drewla01,1981,1991,714,25.7,11.4,1.8,5.2,1.1,0.1,0.467,0.291,0.798,24.4,0.064,,,,,
,Juwan Howard\howarju01,1995,2013,1208,30.3,13.4,6.1,2.2,0.7,0.3,0.469,0.12,0.764,59.4,0.078,,,,,
,Richard Jefferson\jefferi01,2002,2018,1181,29,12.6,4,2,0.7,0.3,0.464,0.376,0.768,83,0.116,,,,,
,Vern Fleming\flemive01,1985,1996,893,27.7,11.3,3.4,4.8,1,0.1,0.498,0.181,0.764,52,0.101,,,,,
,Steve Stipanovich\stipast01,1984,1988,403,31.2,13.2,7.8,2.3,1,0.9,0.484,0.179,0.796,30.4,0.116,,,,,
,Mark Eaton\eatonma01,1983,1993,875,28.8,6,7.9,1,0.4,3.5,0.458,0,0.649,44.8,0.085,,,,,
,Jason Terry\terryja01,2000,2018,1410,29.8,13.4,2.3,3.8,1.1,0.2,0.444,0.38,0.845,102,0.116,,,,,
,Johnny Dawkins\dawkijo01,1987,1995,541,27.5,11.1,2.5,5.5,1.1,0.1,0.456,0.33,0.857,21.8,0.07,,,,,
,Hersey Hawkins\hawkihe01,1989,2001,983,32.6,14.7,3.6,2.9,1.7,0.3,0.461,0.394,0.87,90.6,0.136,,,,,
,Mychal Thompson\thompmy01,1979,1991,935,29.7,13.7,7.4,2.3,0.7,1.1,0.504,0.083,0.655,59.1,0.102,,,,,
,Mike Newlin\newlimi01,1972,1982,837,29.4,14.9,3,4,1,0.1,0.466,0.302,0.87,50.4,0.098,,,,,
,Ray Felix\felixra01,1954,1962,637,23.8,10.9,8.9,0.7,,,0.412,,0.678,39.6,0.125,,,,,
,Kevin Loughery\loughke01,1963,1973,755,29.4,15.3,3,3.7,,,0.413,,0.803,29.8,0.064,,,,,
,Dick Garmaker\garmadi01,1956,1961,421,28.9,13.3,4.2,2.6,,,0.403,,0.787,25.6,0.101,,,,,
,Lloyd Neal\nealll01,1973,1979,435,25.3,11.1,7.7,1.5,0.5,0.9,0.485,,0.672,22.7,0.099,,,,,
,Lonnie Shelton\sheltlo01,1977,1986,673,27.5,12,6.1,2.2,1.1,0.8,0.492,0.097,0.738,37.5,0.097,,,,,
,Larry Smith\smithla01,1981,1993,883,25.9,6.7,9.2,1.1,0.8,0.5,0.531,0,0.531,46,0.096,,,,,
,Pooh Richardson\richapo01,1990,1999,639,30.4,11.1,2.8,6.5,1.3,0.2,0.444,0.329,0.652,26.7,0.066,,,,,
,Nate McMillan\mcmilna01,1987,1998,796,25.7,5.9,4,6.1,1.9,0.4,0.443,0.343,0.65,50.2,0.118,,,,,
,Corey Maggette\maggeco01,2000,2013,827,28.2,16,4.9,2.1,0.7,0.2,0.453,0.324,0.822,62.2,0.128,,,,,
,Junior Bridgeman\bridgju01,1976,1987,849,25,13.6,3.5,2.4,0.8,0.3,0.475,0.244,0.846,45,0.102,,,,,
,M.L. Carr\carrml01,1977,1985,604,23.5,9.7,4.3,1.8,1.3,0.4,0.47,0.256,0.746,29,0.098,,,,,
,Woody Sauldsberry\sauldwo01,1958,1966,462,27.7,10.7,7.8,1.1,,,0.348,,0.61,-7.9,-0.03,,,,,
,Steve Johnson\johnsst03,1982,1991,626,21.8,11.7,5.5,1.2,0.5,0.8,0.572,0,0.634,26.9,0.095,,,,,
,Jim Washington\washiji01,1966,1976,774,29.3,10.6,8.6,1.4,0.5,0.6,0.449,,0.705,39.3,0.083,,,,,
,Vernon Maxwell\maxweve01,1989,2001,855,28.4,12.8,2.6,3.4,1.1,0.2,0.398,0.32,0.733,27.4,0.054,,,,,
,Michael Cage\cagemi01,1985,2000,1140,26.1,7.3,7.6,0.9,0.9,0.6,0.515,0,0.664,74.4,0.12,,,,,
,Quentin Richardson\richaqu01,2001,2013,783,26.5,10.3,4.7,1.5,0.8,0.2,0.397,0.355,0.718,32.8,0.076,,,,,
,Kermit Washington\washike01,1974,1988,507,25.3,9.2,8.3,1.4,0.8,1.1,0.526,0,0.656,36,0.135,,,,,
,Derrick McKey\mckeyde01,1988,2002,937,29.1,11,4.7,2.4,1.1,0.7,0.486,0.316,0.779,61.8,0.109,,,,,
,Keith Van Horn\vanhoke01,1998,2006,575,31.6,16,6.8,1.6,0.8,0.5,0.443,0.361,0.835,41.7,0.11,,,,,
,Cedric Ceballos\cebalce01,1991,2001,609,24.2,14.3,5.3,1.2,0.7,0.3,0.5,0.309,0.753,40.4,0.132,,,,,
,Michael Brooks\brookmi01,1981,1988,319,29.4,12.8,6.3,2.6,1.2,0.4,0.486,0.152,0.714,16.5,0.085,,,,,
,Dale Davis\davisda01,1992,2007,1094,27.1,8,7.9,0.9,0.6,1.2,0.53,0,0.562,86.9,0.141,,,,,
,Antonio Davis\davisan01,1994,2006,903,28.9,10,7.5,1.1,0.5,1,0.448,0.087,0.727,59.6,0.11,,,,,
,Christian Laettner\laettch01,1993,2005,868,29.7,12.8,6.7,2.6,1.1,0.8,0.48,0.261,0.82,64.9,0.121,,,,,
,Ken Norman\normake01,1988,1997,646,29.4,13.5,6.1,2.1,0.8,0.7,0.486,0.312,0.567,27.1,0.069,,,,,
,Thurl Bailey\baileth01,1984,1999,928,26.8,12.8,5.1,1.4,0.5,1.2,0.473,0.114,0.812,45,0.087,,,,,
,Mike Woodson\woodsmi01,1981,1991,786,25.5,14,2.3,2.3,1.2,0.3,0.466,0.271,0.813,34.6,0.083,,,,,
,Al Harrington\harrial01,1999,2014,981,28.6,13.5,5.6,1.7,0.9,0.3,0.444,0.352,0.727,42.5,0.073,,,,,
,Andrew Bogut\bogutan01,2006,2019,706,28.1,9.6,8.7,2.2,0.6,1.5,0.535,0.12,0.557,50.6,0.122,,,,,
,Kenny Carr\carrke01,1978,1987,674,25.5,11.6,7.4,1.4,0.7,0.4,0.51,0.079,0.684,33.6,0.094,,,,,
,Don Kojis\kojisdo01,1964,1975,814,23.6,12.2,5.6,1.4,0.9,0.2,0.446,,0.72,35.8,0.089,,,,,
,Ron Behagen\behagro01,1974,1980,388,23.5,10.3,7,1.6,0.7,0.4,0.425,,0.754,13,0.068,,,,,
,Luol Deng\denglu01,2005,2019,902,34.3,14.8,6.1,2.3,1,0.5,0.456,0.332,0.769,74,0.115,,,,,
,Brian Grant\grantbr01,1995,2006,756,28.3,10.5,7.4,1.2,0.6,0.7,0.49,0.214,0.746,54.5,0.122,,,,,
,James Edwards\edwarja01,1978,1996,1168,24.3,12.7,5.1,1.3,0.4,0.7,0.495,0.048,0.698,59.7,0.101,,,,,
,Tyrone Hill\hillty01,1991,2004,801,28,9.4,8.6,0.8,0.8,0.5,0.502,0,0.643,56.2,0.12,,,,,
,Jerome Kersey\kerseje01,1985,2001,1153,24.4,10.3,5.5,1.9,1.2,0.7,0.465,0.201,0.69,69.5,0.119,,,,,
,Hot Rod Williams\williho01,1987,1999,887,29.7,11,6.8,1.8,0.8,1.6,0.48,0.105,0.726,70.5,0.129,,,,,
,Ernie DiGregorio\digreer01,1974,1978,312,25.2,9.6,2,5.1,0.6,0,0.415,,0.902,2.5,0.016,,,,,
,Johnny Davis\davisjo01,1977,1986,750,28.3,12.9,2,4.5,0.9,0.2,0.448,0.176,0.821,38.5,0.087,,,,,
,Bucky Bockhorn\bockhbu01,1959,1965,474,31.2,11.5,4.7,3.5,,,0.403,,0.748,7.9,0.026,,,,,
,Don Nelson\nelsodo01,1963,1976,1053,20.6,10.3,4.9,1.4,0.3,0.1,0.48,,0.765,74.6,0.165,,,,,
,Troy Murphy\murphtr01,2002,2013,729,27.3,10.8,7.8,1.5,0.7,0.4,0.445,0.388,0.785,50.3,0.121,,,,,
,Al Attles\attleal01,1961,1971,711,25.1,8.9,3.5,3.5,,,0.451,,0.632,36.5,0.098,,,,,
,Curtis Rowe\rowecu01,1972,1979,590,31,11.6,7.2,1.6,0.5,0.5,0.482,,0.701,34.1,0.09,,,,,
,Mike Miller\millemi01,2001,2017,1032,26.9,10.6,4.2,2.6,0.6,0.2,0.459,0.407,0.769,60.7,0.105,,,,,
,Eddie Miles\milesed01,1964,1972,605,25.9,13.4,3.1,2,,,0.44,,0.747,24.4,0.075,,,,,
,Roy Hinson\hinsoro01,1984,1991,507,30.7,14.2,6.8,1,0.6,1.7,0.499,0,0.741,30.2,0.093,,,,,
,Herm Gilliam\gillihe01,1970,1977,578,26,10.8,3.8,3.8,1.3,0.2,0.441,,0.792,20.8,0.066,,,,,
,Adrian Smith\smithad01,1962,1971,719,25.5,11.8,2.2,2.4,,,0.429,,0.836,31.7,0.083,,,,,
,Rex Chapman\chapmre01,1989,2000,666,29.3,14.6,2.5,2.7,0.9,0.2,0.43,0.35,0.8,24.7,0.061,,,,,
,Andrei Kirilenko\kirilan01,2002,2015,797,30,11.8,5.5,2.7,1.4,1.8,0.474,0.31,0.754,75.4,0.151,,,,,
,Dave Greenwood\greenda01,1980,1991,823,28.4,10.2,7.9,2,0.7,0.9,0.477,0.138,0.765,46.4,0.095,,,,,
,B.J. Armstrong\armstbj01,1990,2000,747,23.8,9.8,1.8,3.3,0.7,0.1,0.477,0.425,0.856,45,0.121,,,,,
,Jamal Crawford\crawfja01,2001,2020,1327,29.4,14.6,2.2,3.4,0.9,0.2,0.41,0.348,0.862,60.7,0.075,,,,,
,Quintin Dailey\dailequ01,1983,1992,528,23,14.1,2.5,2.3,0.9,0.1,0.454,0.158,0.779,12.7,0.05,,,,,
,Jim Paxson\paxsoji02,1980,1990,784,27.2,14.3,2,2.9,1.2,0.1,0.498,0.225,0.807,53.7,0.121,,,,,
,Spud Webb\webbsp01,1986,1998,814,24.9,9.9,2.1,5.3,1.1,0.1,0.452,0.314,0.848,40.2,0.095,,,,,
,Shane Battier\battish01,2002,2014,977,30.7,8.6,4.2,1.8,1,0.9,0.437,0.384,0.743,75.7,0.121,,,,,
,Albert King\kingal01,1982,1992,534,24,12.1,4.2,2.2,0.8,0.4,0.461,0.268,0.791,16.3,0.061,,,,,
,Gerald Wilkins\wilkige01,1986,1999,900,29,13,2.9,3,1,0.2,0.45,0.316,0.745,33.9,0.062,,,,,
,Sam Bowie\bowiesa01,1985,1995,511,27.6,10.9,7.5,2.1,0.5,1.8,0.452,0.302,0.748,26.9,0.091,,,,,
,Charles Smith\smithch01,1989,1997,564,29,14.4,5.8,1.4,0.8,1.4,0.475,0.194,0.774,40.9,0.12,,,,,
,Josh Howard\howarjo01,2004,2013,507,30.3,14.3,5.7,1.6,1,0.5,0.448,0.332,0.77,38,0.119,,,,,
,Dell Curry\curryde01,1987,2002,1083,21.7,11.7,2.4,1.8,0.9,0.2,0.457,0.402,0.843,41.5,0.085,,,,,
,Zaid Abdul-Aziz\abdulza01,1969,1978,505,21.8,9,8,1.2,0.6,1,0.428,,0.728,17.5,0.076,,,,,
,Emeka Okafor\okafoem01,2005,2018,616,30.9,12,9.7,0.8,0.7,1.6,0.512,0,0.586,45.3,0.114,,,,,
,Kelvin Ransey\ranseke01,1981,1986,474,24.4,11.4,1.9,5.2,1,0.1,0.454,0.132,0.782,17.9,0.074,,,,,
,Hedo Türkoğlu\turkohe01,2001,2015,997,26.8,11.1,4,2.8,0.8,0.3,0.426,0.384,0.784,63.3,0.114,,,,,
,Kevin Martin\martike02,2005,2016,714,30.2,17.4,3.2,1.9,0.9,0.1,0.437,0.384,0.87,61.3,0.137,,,,,
,Eric Money\moneyer01,1975,1980,426,25.4,12.2,2.1,3.8,1.2,0.1,0.494,,0.748,14.8,0.065,,,,,
,Jason Williams\willija02,1999,2011,788,29.4,10.5,2.3,5.9,1.2,0.1,0.398,0.327,0.813,38.5,0.08,,,,,
,David Lee\leeda02,2006,2017,829,29.3,13.5,8.8,2.2,0.8,0.4,0.535,0.034,0.772,76,0.15,,,,,
,Kerry Kittles\kittlke01,1997,2005,507,33.4,14.1,3.9,2.6,1.6,0.4,0.439,0.378,0.78,44.8,0.127,,,,,
,Kendall Gill\gillke01,1991,2005,966,30.5,13.4,4.1,3,1.6,0.4,0.434,0.3,0.754,47.8,0.078,,,,,
,Devin Harris\harride01,2005,2019,985,24.3,10.8,2.2,3.9,1,0.2,0.432,0.325,0.796,54.9,0.11,,,,,
,Wally Szczerbiak\szczewa02,2000,2009,651,30.8,14.1,4,2.4,0.6,0.2,0.485,0.406,0.86,53.3,0.127,,,,,
,Grant Long\longgr01,1989,2003,1003,28.4,9.5,6.1,1.7,1.2,0.4,0.467,0.283,0.761,60.1,0.101,,,,,
,Billy Owens\owensbi01,1992,2001,600,29.4,11.7,6.7,2.8,0.9,0.5,0.481,0.291,0.629,28.6,0.078,,,,,
,LaPhonso Ellis\ellisla01,1993,2003,624,28.2,11.9,6.5,1.6,0.7,0.8,0.452,0.302,0.73,32.8,0.089,,,,,
,Jay Humphries\humphja01,1985,1995,788,29.3,11.1,2.5,5.5,1.5,0.1,0.476,0.297,0.782,45,0.094,,,,,
,Tree Rollins\rollitr01,1978,1995,1156,20.8,5.4,5.8,0.6,0.4,2.2,0.522,0,0.7,63.9,0.128,,,,,
,Don Buse\busedo01,1977,1985,648,26.3,6.9,2.3,4.5,1.8,0.1,0.442,0.333,0.78,34.9,0.098,,,,,
,Wali Jones\joneswa02,1965,1976,607,23.8,10.1,2.3,3.2,0.4,0,0.409,,0.8,14.9,0.049,,,,,
,Larry Hughes\hughela01,1999,2012,727,30.8,14.1,4.2,3.1,1.5,0.4,0.406,0.309,0.757,32.3,0.069,,,,,
,Marvin Webster\webstma01,1977,1987,579,22.4,7.1,7,1.2,0.4,1.4,0.489,0.333,0.617,28.1,0.104,,,,,
,Jon McGlocklin\mcglojo01,1966,1976,792,26.4,11.6,2.4,2.9,0.5,0.1,0.489,,0.845,47.1,0.108,,,,,
,Clem Haskins\haskicl01,1968,1976,681,25.9,12.8,3.1,3.5,0.6,0.1,0.449,,0.792,35.8,0.097,,,,,
,Gar Heard\heardga01,1971,1981,787,24.9,8.7,7.5,1.6,1.3,1.3,0.414,0,0.654,27,0.066,,,,,
,Terry Catledge\catlete01,1986,1993,515,26.3,12.7,6.4,0.9,0.6,0.2,0.485,0.094,0.654,20.9,0.074,,,,,
,Phil Hubbard\hubbaph01,1980,1989,665,23.9,10.9,5.3,1.3,0.9,0.1,0.495,0.038,0.706,29,0.088,,,,,
,Bob Kauffman\kauffbo01,1969,1975,525,25.8,11.5,7,2.7,0.4,0.1,0.477,,0.749,31.5,0.111,,,,,
,Loy Vaught\vaughlo01,1991,2001,689,24.7,10.1,7.1,0.9,0.7,0.3,0.504,0.244,0.718,35.8,0.101,,,,,
,Dana Barros\barroda01,1990,2004,850,22.9,10.5,1.9,3.3,0.9,0.1,0.46,0.411,0.858,49.6,0.122,,,,,
,Mitch Kupchak\kupchmi01,1977,1986,510,19.4,10.2,5.4,0.7,0.3,0.3,0.523,0,0.704,27.1,0.131,,,,,
,Elden Campbell\campbel01,1991,2005,1044,24.7,10.3,5.9,1.1,0.7,1.5,0.46,0.054,0.699,62.8,0.117,,,,,
,Robert Reid\reidro01,1978,1991,919,27.3,11.4,4.5,2.7,1.1,0.4,0.458,0.291,0.732,40.3,0.077,,,,,
,Clyde Lee\leecl01,1967,1976,742,26.8,7.7,10.3,1.1,0.4,0.3,0.432,,0.614,33.5,0.081,,,,,
,John Long\longjo01,1979,1997,893,25.4,13.6,2.8,1.9,1,0.2,0.467,0.322,0.862,32,0.068,,,,,
,Clifford Ray\raycl01,1972,1981,784,25.4,7.4,8.9,2.2,0.8,1,0.524,0,0.588,56.7,0.136,,,,,
,Manute Bol\bolma01,1986,1995,624,18.7,2.6,4.2,0.3,0.2,3.3,0.407,0.21,0.561,12.3,0.051,,,,,
,Joe Graboski\grabojo01,1949,1962,845,30.5,11,8.1,1.8,,,0.352,,0.7,25.6,0.051,,,,,
,Avery Johnson\johnsav01,1989,2004,1054,25.3,8.4,1.7,5.5,1,0.1,0.479,0.145,0.706,56.5,0.102,,,,,
,Gene Banks\banksge01,1982,1987,468,27.9,11.3,5.8,2.9,0.9,0.2,0.539,0.043,0.73,31.2,0.115,,,,,
,Šarūnas Marčiulionis\marcisa01,1990,1997,363,22.4,12.8,2.3,2.2,1.3,0.1,0.505,0.369,0.768,20,0.118,,,,,
,Reggie Williams\willire01,1988,1997,599,26.7,12.5,4,2.5,1.3,0.7,0.437,0.298,0.784,26,0.078,,,,,
,Antoine Carr\carran01,1985,2000,987,20,9.3,3.4,1.1,0.4,0.9,0.503,0.13,0.78,42.1,0.102,,,,,
,Joe Smith\smithjo02,1996,2011,1030,26.2,10.9,6.4,1,0.6,0.8,0.455,0.238,0.79,60.3,0.107,,,,,
,P.J. Brown\brownpj01,1994,2008,1089,31.1,9.1,7.7,1.5,0.8,1,0.46,0.136,0.794,89.8,0.128,,,,,
,Drew Gooden\goodedr01,2003,2016,790,25.5,11,7.1,1.1,0.7,0.6,0.462,0.257,0.76,43.9,0.105,,,,,
,Kevin Duckworth\duckwke01,1987,1997,684,25.5,11.8,5.8,0.9,0.5,0.5,0.468,0.208,0.736,24.7,0.068,,,,,
,Chris Kaman\kamanch01,2004,2016,735,26.7,11.2,7.6,1.3,0.4,1.3,0.489,0.042,0.743,24.6,0.06,,,,,
,Cuttino Mobley\moblecu01,1999,2009,747,37,16,3.9,2.7,1.2,0.4,0.433,0.378,0.835,52.2,0.091,,,,,
,David Wesley\wesleda01,1994,2007,949,31.9,12.5,2.5,4.4,1.3,0.2,0.424,0.368,0.786,61.3,0.097,,,,,
,Pervis Ellison\ellispe01,1990,2001,474,24.5,9.5,6.7,1.5,0.6,1.6,0.51,0.05,0.689,21.8,0.09,,,,,
