rank,name,country_name,country_id,active,dob,totalPoints,tournamentPoints,rankingPoints,achievementsPoints,tGPoints,tFLPoints,tMPoints,tOPoints,tABPoints,tDTPoints,yearEndRankPoints,bestRankPoints,weeksAtNo1Points,weeksAtEloTopNPoints,bestEloRatingPoints,grandSlamPoints,bigWinsPoints,h2hPoints,recordsPoints,bestSeasonPoints,greatestRivalriesPoints,performancePoints,statisticsPoints,grandSlams,tourFinals,altFinals,masters,olympics,bigTitles,titles,weeksAtNo1,wonLost,bestEloRating,bestEloRatingDate,wonPct
1,Roger Federer,Switzerland,SUI,true,1981-08-08,933,565,198,170,245,65,172,2,80,1,83,8,31,58,18,32,40,18,66,3,3,5,3,20,6,0,28,0,54,103,310,1236-271,2550,2007-03-05,82.0%
2,Novak Djokovic,Serbia,SRB,true,1987-05-22,899,498,198,203,215,44,193,1,40,5,75,8,31,48,36,30,44,26,71,9,8,13,2,18,5,0,36,0,59,82,311,943-191,2629,2016-02-01,83.2%
3,Rafael Nadal,Spain,ESP,true,1986-06-03,838,494,175,169,213,20,195,3,57,6,81,8,21,43,22,29,38,23,55,0,6,9,9,20,0,0,35,1,56,86,209,1006-204,2552,2013-09-09,83.1%
4,Jimmy Connors,United States,USA,false,1952-09-02,614,402,151,61,134,31,121,0,115,1,73,8,27,37,6,5,24,12,17,0,0,2,1,8,1,2,20,0,31,109,268,1275-285,2521,1978-10-29,81.7%
5,Ivan Lendl,United States,USA,false,1960-03-07,607,395,141,71,132,63,101,0,98,1,55,8,27,39,12,6,27,18,17,0,1,2,0,8,5,2,18,0,33,94,270,1069-242,2518,1986-03-24,81.5%
6,Pete Sampras,United States,USA,false,1971-08-12,523,316,140,67,144,52,72,0,45,3,58,8,29,42,3,11,21,19,15,0,0,1,0,14,5,2,11,0,32,64,286,762-222,2407,1994-05-16,77.4%
7,John McEnroe,United States,USA,false,1959-02-16,515,321,129,65,95,53,86,0,77,10,48,8,17,31,25,5,24,14,16,2,1,3,0,7,3,5,17,0,32,77,170,881-198,2583,1985-04-08,81.6%
8,Bjorn Borg,Sweden,SWE,false,1956-06-06,484,254,132,98,114,29,53,0,56,2,37,8,11,33,43,12,21,25,18,0,0,20,2,11,2,1,11,0,25,66,109,650-138,2622,1980-07-07,82.5%
9,Andre Agassi,United States,USA,false,1970-04-29,417,292,82,43,124,25,91,3,46,3,33,8,10,31,0,12,15,13,1,0,0,1,1,8,1,0,17,1,27,60,101,870-274,2376,1995-09-29,76.0%
10,Rod Laver,Australia,AUS,false,1938-08-09,389,202,101,86,45,10,84,0,61,2,35,8,22,28,8,21,17,19,19,5,0,5,0,5,0,2,18,0,25,72,219,571-145,2509,1969-09-10,79.7%
11,Boris Becker,Germany,GER,false,1967-11-22,369,267,61,41,85,50,77,0,49,6,27,8,1,23,2,2,17,16,5,0,0,1,0,6,3,2,12,0,23,49,12,713-214,2419,1989-11-06,76.9%
12,Stefan Edberg,Sweden,SWE,false,1966-01-19,327,242,62,23,91,24,62,3,54,8,33,8,7,14,0,3,14,5,1,0,0,0,0,6,1,0,6,1,14,42,72,804-271,2370,1990-11-19,74.8%
13,Andy Murray,United Kingdom,GBR,true,1987-05-15,315,228,55,32,85,17,82,6,36,2,26,8,4,15,2,0,16,13,2,0,1,0,0,3,1,0,14,2,20,46,41,677-202,2500,2016-11-21,77.0%
14,Mats Wilander,Sweden,SWE,false,1964-08-22,243,179,38,26,84,9,50,0,28,8,21,8,2,7,0,5,11,7,3,0,0,0,0,7,0,0,8,0,15,33,20,569-223,2371,1988-10-03,71.8%
15,Guillermo Vilas,Argentina,ARG,false,1952-08-17,242,191,32,19,63,19,34,0,74,1,18,5,0,7,2,1,8,7,3,0,0,0,0,4,1,0,3,0,8,62,0,943-291,2431,1977-12-05,76.4%
16,Ilie Nastase,Romania,ROU,false,1946-07-19,228,163,46,19,36,27,35,0,63,2,19,8,9,10,0,0,9,5,3,0,0,2,0,2,4,0,6,0,12,65,88,891-333,2363,1976-09-15,72.8%
17,Ken Rosewall,Australia,AUS,false,1934-11-02,220,159,40,21,60,12,46,0,41,0,15,8,3,14,0,1,10,7,3,0,0,0,0,4,0,2,7,0,13,40,26,540-193,2388,1968-06-10,73.7%
18,John Newcombe,Australia,AUS,false,1944-05-23,211,160,35,16,62,8,44,0,44,2,18,8,1,8,0,2,9,4,1,0,0,0,0,5,0,1,6,0,12,41,8,564-224,2327,1971-08-17,71.6%
18,Arthur Ashe,United States,USA,false,1943-07-10,211,174,23,14,47,17,53,0,52,5,14,5,0,4,0,0,7,7,0,0,0,0,0,3,0,1,4,0,8,45,0,783-258,2354,1976-03-11,75.2%
20,Lleyton Hewitt,Australia,AUS,false,1981-02-24,181,114,52,15,39,15,30,0,26,4,21,8,8,15,0,0,5,9,1,0,0,0,0,2,2,0,2,0,6,30,80,616-262,2295,2002-03-18,70.2%
21,Andy Roddick,United States,USA,false,1982-08-30,169,125,33,11,43,8,39,0,34,1,16,8,1,8,0,0,4,7,0,0,0,0,0,1,0,0,5,0,6,32,13,610-213,2274,2003-09-08,74.1%
22,Jim Courier,United States,USA,false,1970-08-17,168,116,37,15,56,7,30,0,22,1,16,8,6,7,0,3,6,6,0,0,0,0,0,4,0,0,5,0,9,23,58,506-237,2330,1992-06-08,68.1%
23,Michael Chang,United States,USA,false,1972-02-22,153,125,21,7,33,12,41,0,37,2,10,5,0,6,0,0,5,0,2,0,0,0,0,1,0,0,7,0,8,34,0,662-312,2267,1996-03-18,68.0%
24,Stan Smith,United States,USA,false,1946-12-14,148,125,18,5,29,19,22,0,49,6,7,5,0,6,0,0,5,0,0,0,0,0,0,2,1,1,3,0,7,49,0,776-307,2381,1973-05-16,71.7%
25,Yevgeny Kafelnikov,Russian Federation,RUS,false,1974-02-18,137,105,22,10,33,13,23,3,30,3,12,8,1,1,0,0,3,5,1,0,0,1,0,2,0,0,0,1,3,26,6,609-306,2216,1999-02-22,66.6%
26,Gustavo Kuerten,Brazil,BRA,false,1976-09-10,129,85,29,15,29,6,34,0,16,0,14,8,4,3,0,2,4,8,1,0,0,0,0,3,1,0,5,0,9,20,43,358-195,2281,2001-08-13,64.7%
27,Goran Ivanisevic,Croatia,CRO,false,1971-09-13,124,106,12,6,33,16,24,0,31,2,5,5,0,2,0,0,4,1,0,0,0,0,1,1,0,1,2,0,4,22,0,599-333,2246,1992-11-23,64.3%
27,David Ferrer,Spain,ESP,false,1982-04-02,124,110,10,4,25,8,27,0,45,5,6,3,0,1,0,0,3,1,0,0,0,0,0,0,0,0,1,0,1,27,0,734-377,2348,2013-02-25,66.1%
29,Thomas Muster,Austria,AUT,false,1967-10-02,123,102,15,6,19,2,42,0,39,0,4,8,1,2,0,0,3,1,0,0,0,2,0,1,0,0,8,0,9,44,6,626-274,2287,1995-10-30,69.6%
29,Tom Okker,Netherlands,NED,false,1944-02-22,123,106,11,6,18,5,40,0,43,0,5,3,0,3,0,0,5,1,0,0,0,0,0,0,0,0,4,0,4,34,0,643-274,2317,1974-04-01,70.1%
31,Vitas Gerulaitis,United States,USA,false,1954-07-26,120,100,13,7,29,13,30,0,26,2,7,3,0,3,0,0,4,3,0,0,0,0,0,1,0,1,4,0,6,26,0,534-233,2335,1979-06-11,69.6%
32,Juan Martin Del Potro,Argentina,ARG,true,1988-09-23,110,90,11,9,27,7,18,3,33,2,3,3,0,5,0,0,5,4,0,0,0,0,0,1,0,0,1,0,2,22,0,439-173,2331,2009-09-14,71.7%
33,Manuel Orantes,Spain,ESP,false,1949-02-06,107,93,10,4,21,9,17,0,44,2,5,5,0,0,0,0,4,0,0,0,0,0,0,1,1,0,1,0,3,35,0,713-282,2290,1975-09-10,71.7%
34,Stan Wawrinka,Switzerland,SUI,true,1985-03-28,104,88,10,6,47,7,15,0,18,1,6,3,0,1,0,0,6,0,0,0,0,0,0,3,0,0,1,0,4,16,0,533-308,2291,2014-04-20,63.4%
34,Michael Stich,Germany,GER,false,1968-10-18,104,78,15,11,26,13,16,0,20,3,7,5,0,3,0,0,3,8,0,0,0,0,0,1,1,1,2,0,5,18,0,385-176,2272,1993-12-10,68.6%
36,Marat Safin,Russian Federation,RUS,false,1980-01-27,102,78,20,4,32,4,27,0,12,3,10,8,1,1,0,0,4,0,0,0,0,0,0,2,0,0,5,0,7,15,9,422-267,2218,2005-01-31,61.2%
37,Juan Carlos Ferrero,Spain,ESP,false,1980-02-12,99,76,16,7,25,5,25,0,19,2,6,8,1,1,0,0,3,4,0,0,0,0,0,1,0,0,4,0,5,16,8,479-262,2225,2003-10-20,64.6%
38,Tony Roche,Australia,AUS,false,1945-05-17,95,75,16,4,26,0,25,0,23,1,6,5,0,5,0,0,4,0,0,0,0,0,0,0,0,0,3,0,3,21,0,361-182,2355,1969-03-02,66.5%
39,Carlos Moya,Spain,ESP,false,1976-08-27,93,79,12,2,19,10,24,0,23,3,3,8,0,1,0,0,2,0,0,0,0,0,0,1,0,0,3,0,4,20,2,575-319,2190,2004-06-07,64.3%
40,Patrick Rafter,Australia,AUS,false,1972-12-28,90,65,21,4,30,4,19,0,10,2,7,8,0,6,0,1,3,0,0,0,0,0,0,2,0,0,2,0,4,11,1,358-191,2255,1998-10-02,65.2%
41,Yannick Noah,France,FRA,false,1960-05-18,87,78,7,2,18,1,34,0,24,1,3,3,0,1,0,0,2,0,0,0,0,0,0,1,0,0,4,0,5,23,0,481-212,2268,1983-06-06,69.4%
42,Tomas Berdych,Czech Republic,CZE,false,1985-09-17,84,79,2,3,26,6,25,0,19,3,0,2,0,0,0,0,3,0,0,0,0,0,0,0,0,0,1,0,1,13,0,640-341,2263,2015-05-10,65.2%
43,Roscoe Tanner,United States,USA,false,1951-10-15,81,75,3,3,25,4,26,0,20,0,1,2,0,0,0,0,3,0,0,0,0,0,0,1,0,0,3,0,4,16,0,596-297,2261,1979-07-09,66.7%
44,Dominic Thiem,Austria,AUT,true,1993-09-03,80,67,10,3,26,9,11,0,21,0,6,3,0,1,0,0,3,0,0,0,0,0,0,1,0,0,1,0,2,17,0,300-158,2250,2020-11-23,65.5%
44,Brian Gottfried,United States,USA,false,1952-01-27,80,73,5,2,9,9,23,0,31,1,1,3,0,1,0,0,2,0,0,0,0,0,0,0,0,0,3,0,3,25,0,698-330,2324,1977-03-28,67.9%
46,Marcelo Rios,Chile,CHI,false,1975-12-26,78,58,16,4,9,4,30,0,15,0,5,8,1,2,0,0,1,3,0,0,0,0,0,0,0,1,5,0,6,18,6,392-192,2241,1998-06-08,67.1%
47,Nikolay Davydenko,Russian Federation,RUS,false,1981-06-02,77,63,10,4,14,13,17,0,18,1,7,3,0,0,0,0,3,0,0,0,0,1,0,0,1,0,3,0,4,21,0,482-329,2291,2010-02-01,59.4%
48,Richard Krajicek,Netherlands,NED,false,1971-12-06,74,61,3,10,19,3,17,0,22,0,0,2,0,1,0,0,2,4,0,0,0,4,0,1,0,0,2,0,3,17,0,411-219,2214,1999-03-26,65.2%
49,Harold Solomon,United States,USA,false,1952-09-17,73,70,1,2,12,5,27,0,26,0,0,1,0,0,0,0,2,0,0,0,0,0,0,0,0,0,3,0,3,22,0,585-334,2256,1980-06-09,63.7%
50,Sergi Bruguera,Spain,ESP,false,1971-01-16,71,60,8,3,22,2,19,2,14,1,4,3,0,1,0,1,2,0,0,0,0,0,0,2,0,0,2,0,4,14,0,447-271,2232,1994-07-11,62.3%
50,Jo Wilfried Tsonga,France,FRA,true,1985-04-17,71,67,1,3,23,4,17,0,22,1,0,1,0,0,0,0,3,0,0,0,0,0,0,0,0,0,2,0,2,18,0,464-224,2244,2012-01-09,67.4%
52,Kei Nishikori,Japan,JPN,true,1989-12-29,70,62,5,3,17,5,15,1,24,0,2,2,0,1,0,0,2,0,1,0,0,0,0,0,0,0,0,0,0,12,0,407-198,2296,2016-08-15,67.3%
53,Marin Cilic,Croatia,CRO,true,1988-09-28,68,63,3,2,28,2,8,0,22,3,0,3,0,0,0,0,2,0,0,0,0,0,0,1,0,0,1,0,2,18,0,517-286,2232,2014-09-19,64.4%
53,Alexander Zverev,Germany,GER,true,1997-04-20,68,54,7,7,9,9,22,0,14,0,4,3,0,0,0,0,3,4,0,0,0,0,0,0,1,0,3,0,4,13,0,251-128,2231,2017-08-14,66.2%
53,Eddie Dibbs,United States,USA,false,1951-02-23,68,65,1,2,9,8,22,0,26,0,0,1,0,0,0,0,2,0,0,0,0,0,0,0,0,0,1,0,1,22,0,599-262,2282,1978-08-21,69.6%
56,Jan Kodes,Czech Republic,CZE,false,1946-03-01,66,62,1,3,38,6,7,0,10,1,0,1,0,0,0,1,2,0,0,0,0,0,0,3,0,0,0,0,3,9,0,490-281,2197,1973-09-12,63.6%
56,David Nalbandian,Argentina,ARG,false,1982-01-01,66,58,4,4,17,7,21,0,10,3,0,3,0,1,0,0,2,2,0,0,0,0,0,0,1,0,2,0,3,11,0,383-192,2196,2010-08-22,66.6%
56,Raul Ramirez,Mexico,MEX,false,1953-06-20,66,61,3,2,12,4,20,0,25,0,1,2,0,0,0,0,2,0,0,0,0,0,0,0,0,0,2,0,2,20,0,545-269,2249,1976-11-14,67.0%
59,Alex Corretja,Spain,ESP,false,1974-04-11,65,55,8,2,13,6,17,0,19,0,3,5,0,0,0,0,2,0,0,0,0,0,0,0,1,0,2,0,3,17,0,438-281,2182,2000-08-21,60.9%
60,Johan Kriek,United States,USA,false,1958-04-05,61,57,0,4,28,3,10,0,16,0,0,0,0,0,0,1,1,0,0,0,0,2,0,2,0,0,2,0,4,14,0,376-222,2169,1982-03-15,62.9%
61,Tommy Haas,Germany,GER,false,1978-04-03,59,52,6,1,12,2,12,2,22,2,0,5,0,1,0,0,1,0,0,0,0,0,0,0,0,0,1,0,1,15,0,569-338,2189,2002-01-28,62.7%
62,Thomas Enqvist,Sweden,SWE,false,1974-03-13,57,52,4,1,6,6,19,0,19,2,2,2,0,0,0,0,1,0,0,0,0,0,0,0,0,0,3,0,3,19,0,448-297,2173,1997-02-17,60.1%
63,Andres Gomez,Ecuador,ECU,false,1960-02-27,56,51,4,1,13,3,11,0,24,0,1,2,0,1,0,0,1,0,0,0,0,0,0,1,0,0,2,0,3,21,0,530-274,2223,1985-04-08,65.9%
63,Petr Korda,Czech Republic,CZE,false,1968-01-23,56,48,6,2,16,5,12,0,14,1,0,5,0,1,0,0,2,0,0,0,0,0,0,1,0,1,1,0,3,10,0,410-248,2222,1998-02-02,62.3%
63,Miloslav Mecir,Slovakia,SVK,false,1964-05-19,56,50,2,4,15,4,15,3,12,1,0,2,0,0,0,0,2,0,1,0,0,1,0,0,0,1,2,1,4,11,0,260-122,2257,1987-08-03,68.1%
63,Milos Raonic,Canada,CAN,true,1990-12-27,56,48,6,2,15,2,16,0,15,0,3,3,0,0,0,0,1,0,0,0,0,0,1,0,0,0,0,0,0,8,0,369-170,2269,2016-07-11,68.5%
67,Tim Henman,United Kingdom,GBR,false,1974-09-06,54,51,2,1,16,5,14,0,16,0,0,2,0,0,0,0,1,0,0,0,0,0,0,0,0,0,1,0,1,11,0,496-274,2165,2002-04-22,64.4%
67,Cliff Richey,United States,USA,false,1946-12-31,54,49,4,1,7,3,12,0,25,2,2,2,0,0,0,0,1,0,0,0,0,0,0,0,0,0,0,0,0,22,0,468-219,2212,1970-09-16,68.1%
69,Guillermo Coria,Argentina,ARG,false,1982-01-13,52,38,5,9,8,1,19,0,9,1,1,3,0,1,0,0,1,4,0,0,0,0,4,0,0,0,2,0,2,9,0,218-114,2229,2004-06-07,65.7%
70,Jose Luis Clerc,Argentina,ARG,false,1958-08-16,51,46,3,2,4,1,15,0,24,2,1,2,0,0,0,0,2,0,0,0,0,0,0,0,0,0,3,0,3,25,0,381-152,2297,1981-08-10,71.5%
71,Gene Mayer,United States,USA,false,1956-04-11,50,45,4,1,4,3,17,0,19,2,1,2,0,1,0,0,1,0,0,0,0,0,0,0,0,0,2,0,2,14,0,318-158,2303,1981-03-23,66.8%
71,Brad Gilbert,United States,USA,false,1961-08-09,50,47,2,1,2,8,12,0,24,1,0,2,0,0,0,0,1,0,0,0,0,0,0,0,0,0,1,0,1,20,0,519-288,2210,1989-08-21,64.3%
73,Daniil Medvedev,Russian Federation,RUS,true,1996-02-11,48,40,6,2,10,6,15,0,8,1,3,3,0,0,0,0,2,0,0,0,0,0,0,0,1,0,3,0,4,9,0,166-85,2289,2021-02-22,66.1%
74,John Isner,United States,USA,true,1985-04-26,47,40,4,3,4,0,19,0,17,0,0,0,0,0,4,0,1,0,0,0,0,0,2,0,0,0,1,0,1,15,0,433-270,2147,2012-08-26,61.6%
74,Todd Martin,United States,USA,false,1970-07-08,47,43,3,1,20,4,5,0,14,0,0,2,0,1,0,0,1,0,0,0,0,0,0,0,0,0,0,0,0,8,0,411-234,2188,1999-02-01,63.7%
76,Andres Gimeno,Spain,ESP,false,1937-08-03,45,40,4,1,17,0,11,0,12,0,0,3,0,1,0,0,1,0,0,0,0,0,0,1,0,0,1,0,2,11,0,245-130,2261,1969-03-31,65.3%
77,Marty Riessen,United States,USA,false,1941-12-04,44,42,0,2,2,1,21,0,18,0,0,0,0,0,0,0,2,0,0,0,0,0,0,0,0,0,2,0,2,13,0,494-306,2223,1972-05-17,61.8%
77,Tim Mayotte,United States,USA,false,1960-08-03,44,43,0,1,11,2,13,2,15,0,0,0,0,0,0,0,1,0,0,0,0,0,0,0,0,0,2,0,2,12,0,340-203,2179,1986-07-07,62.6%
79,Albert Costa,Spain,ESP,false,1975-06-25,43,42,0,1,13,1,13,0,14,1,0,0,0,0,0,0,1,0,0,0,0,0,0,1,0,0,1,0,2,12,0,385-273,2154,1998-06-08,58.5%
79,Andrei Medvedev,Ukraine,UKR,false,1974-08-31,43,40,2,1,9,3,18,0,10,0,0,2,0,0,0,0,1,0,0,0,0,0,0,0,0,0,4,0,4,11,0,321-213,2177,1994-05-09,60.1%
79,Wayne Ferreira,South Africa,RSA,false,1971-09-15,43,42,0,1,7,2,15,0,18,0,0,0,0,0,0,0,1,0,0,0,0,0,0,0,0,0,2,0,2,15,0,512-330,2158,1996-08-26,60.8%
79,Greg Rusedski,United Kingdom,GBR,false,1973-09-06,43,38,3,2,5,7,8,0,18,0,0,2,0,1,0,0,1,0,0,0,0,1,0,0,0,1,1,0,2,15,0,436-287,2178,1998-11-30,60.3%
79,Robin Soderling,Sweden,SWE,false,1984-08-14,43,37,4,2,12,3,6,0,15,1,1,2,0,1,0,0,1,1,0,0,0,0,0,0,0,0,1,0,1,10,0,310-170,2271,2011-03-11,64.6%
79,Fernando Gonzalez,Chile,CHI,false,1980-07-29,43,40,2,1,11,2,10,3,12,2,0,1,0,1,0,0,1,0,0,0,0,0,0,0,0,0,0,0,0,11,0,370-202,2209,2007-01-29,64.7%
85,Gael Monfils,France,FRA,true,1986-09-01,42,41,0,1,11,0,10,0,18,2,0,0,0,0,0,0,1,0,0,0,0,0,0,0,0,0,0,0,0,10,0,493-280,2189,2016-09-12,63.8%
86,Jose Higueras,Spain,ESP,false,1953-03-01,41,40,0,1,6,0,13,0,19,2,0,0,0,0,0,0,1,0,0,0,0,0,0,0,0,0,1,0,1,16,0,455-243,2210,1979-05-21,65.2%
87,Grigor Dimitrov,Bulgaria,BUL,true,1991-05-16,40,33,6,1,9,6,9,0,9,0,3,3,0,0,0,0,1,0,0,0,0,0,0,0,1,0,1,0,2,8,0,327-214,2203,2018-02-19,60.4%
87,Ivan Ljubicic,Croatia,CRO,false,1979-03-19,40,34,5,1,3,2,13,0,14,2,1,3,0,1,0,0,1,0,0,0,0,0,0,0,0,0,1,0,1,10,0,429-296,2206,2006-04-14,59.2%
89,Adriano Panatta,Italy,ITA,false,1950-07-09,39,36,2,1,15,0,6,0,13,2,0,2,0,0,0,0,1,0,0,0,0,0,0,1,0,0,1,0,2,11,0,408-248,2241,1976-06-14,62.2%
89,Pat Cash,Australia,AUS,false,1965-05-27,39,35,2,2,24,1,2,0,5,3,0,2,0,0,0,0,2,0,0,0,0,0,0,1,0,0,0,0,1,6,0,237-149,2217,1988-02-12,61.4%
91,Richard Gasquet,France,FRA,true,1986-06-18,38,37,0,1,8,1,11,0,17,0,0,0,0,0,0,0,1,0,0,0,0,0,0,0,0,0,0,0,0,15,0,548-331,2196,2016-02-08,62.3%
92,Guy Forget,France,FRA,false,1965-01-04,36,33,2,1,5,1,15,0,11,1,0,2,0,0,0,0,1,0,0,0,0,0,0,0,0,0,2,0,2,11,0,380-291,2179,1991-11-04,56.6%
92,Mark Philippoussis,Australia,AUS,false,1976-11-07,36,35,0,1,11,1,7,0,13,3,0,0,0,0,0,0,1,0,0,0,0,0,0,0,0,0,1,0,1,11,0,313-204,2171,1999-03-15,60.5%
92,Henri Leconte,France,FRA,false,1963-07-04,36,34,1,1,15,1,5,0,11,2,0,1,0,0,0,0,1,0,0,0,0,0,0,0,0,0,0,0,0,9,0,377-269,2187,1986-09-22,58.4%
95,John Alexander,Australia,AUS,false,1951-07-04,35,34,0,1,8,1,14,0,8,3,0,0,0,0,0,0,1,0,0,0,0,0,0,0,0,0,2,0,2,8,0,570-426,2159,1975-04-07,57.2%
95,Cedric Pioline,France,FRA,false,1969-06-15,35,33,1,1,16,0,9,0,6,2,0,1,0,0,0,0,1,0,0,0,0,0,0,0,0,0,1,0,1,5,0,389-318,2110,1993-11-15,55.0%
95,Sebastien Grosjean,France,FRA,false,1978-05-29,35,32,2,1,13,3,10,0,4,2,0,2,0,0,0,0,1,0,0,0,0,0,0,0,0,0,1,0,1,4,0,341-247,2133,2001-11-19,58.0%
95,Wojtek Fibak,Poland,POL,false,1952-08-03,35,34,0,1,4,3,10,0,17,0,0,0,0,0,0,0,1,0,0,0,0,0,0,0,0,0,0,0,0,15,0,540-314,2180,1977-06-06,63.2%
99,Eliot Teltscher,United States,USA,false,1959-03-15,34,33,0,1,4,2,15,0,11,1,0,0,0,0,0,0,1,0,0,0,0,0,0,0,0,0,1,0,1,10,0,400-216,2200,1981-10-19,64.9%
99,Anders Jarryd,Sweden,SWE,false,1961-07-13,34,32,1,1,6,5,10,0,9,2,0,1,0,0,0,0,1,0,0,0,0,0,0,0,0,1,0,0,1,8,0,396-260,2182,1986-04-14,60.4%
101,Magnus Norman,Sweden,SWE,false,1976-05-30,33,25,7,1,7,0,4,0,13,1,2,5,0,0,0,0,1,0,0,0,0,0,0,0,0,0,1,0,1,12,0,244-177,2172,2000-06-12,58.0%
102,Joakim Nystrom,Sweden,SWE,false,1963-02-20,32,31,0,1,3,2,12,0,14,0,0,0,0,0,0,0,1,0,0,0,0,0,0,0,0,0,2,0,2,13,0,265-142,2242,1986-05-05,65.1%
102,Emilio Sanchez,Spain,ESP,false,1965-05-29,32,31,0,1,2,0,13,0,15,1,0,0,0,0,0,0,1,0,0,0,0,0,0,0,0,0,1,0,1,15,0,432-290,2142,1987-08-10,59.8%
102,Tommy Robredo,Spain,ESP,true,1982-05-01,32,31,1,0,7,1,8,0,15,0,0,1,0,0,0,0,0,0,0,0,0,0,0,0,0,0,1,0,1,12,0,533-357,2107,2009-06-08,59.9%
102,Marc Rosset,Switzerland,SUI,false,1970-11-07,32,30,0,2,3,0,3,3,19,2,0,0,0,0,0,0,1,0,1,0,0,0,0,0,0,0,0,1,1,15,0,433-350,2116,1994-02-07,55.3%
106,Cliff Drysdale,South Africa,RSA,false,1941-05-26,31,30,0,1,3,0,17,0,10,0,0,0,0,0,0,0,1,0,0,0,0,0,0,0,0,0,1,0,1,8,0,398-246,2227,1971-08-17,61.8%
106,Jonas Bjorkman,Sweden,SWE,false,1972-03-23,31,27,4,0,9,2,6,0,7,3,2,2,0,0,0,0,0,0,0,0,0,0,0,0,0,0,0,0,0,6,0,414-362,2174,1997-12-05,53.4%
108,Stefanos Tsitsipas,Greece,GRE,true,1998-08-12,30,28,1,1,6,6,7,0,9,0,0,1,0,0,0,0,1,0,0,0,0,0,0,0,1,0,0,0,1,5,0,136-78,2191,2021-03-08,63.6%
108,James Blake,United States,USA,false,1979-12-28,30,25,4,1,3,3,5,0,12,2,2,2,0,0,0,0,1,0,0,0,0,0,0,0,0,0,0,0,0,10,0,364-256,2164,2007-01-29,58.7%
110,Gaston Gaudio,Argentina,ARG,false,1978-12-09,29,27,1,1,8,2,3,0,14,0,0,1,0,0,0,0,1,0,0,0,0,0,0,1,0,0,0,0,1,8,0,271-196,2137,2005-08-15,58.0%
110,Andrei Chesnokov,Russian Federation,RUS,false,1966-02-02,29,28,0,1,5,0,18,0,4,1,0,0,0,0,0,0,1,0,0,0,0,0,0,0,0,0,3,0,3,7,0,346-259,2104,1988-06-17,57.2%
110,Dick Stockton,United States,USA,false,1951-02-18,29,28,0,1,6,3,11,0,8,0,0,0,0,0,0,0,1,0,0,0,0,0,0,0,0,0,1,0,1,9,0,388-261,2212,1977-03-28,59.8%
110,Gilles Simon,France,FRA,true,1984-12-27,29,28,0,1,2,2,8,0,16,0,0,0,0,0,0,0,1,0,0,0,0,0,0,0,0,0,0,0,0,14,0,493-372,2124,2009-02-02,57.0%
114,Tom Gorman,United States,USA,false,1946-12-19,28,27,0,1,6,3,9,0,9,0,0,0,0,0,0,0,1,0,0,0,0,0,0,0,0,0,1,0,1,9,0,401-287,2122,1974-04-01,58.3%
114,Alex Metreveli,Russian Federation,RUS,false,1944-11-02,28,28,0,0,13,0,4,0,11,0,0,0,0,0,0,0,0,0,0,0,0,0,0,0,0,0,0,0,0,12,0,276-101,2208,1974-09-27,73.2%
116,Mikhail Youzhny,Russian Federation,RUS,false,1982-06-25,27,26,0,1,8,0,0,0,17,1,0,0,0,0,0,0,1,0,0,0,0,0,0,0,0,0,0,0,0,10,0,498-416,2122,2010-10-04,54.5%
116,Aaron Krickstein,United States,USA,false,1967-08-02,27,26,0,1,6,1,8,0,11,0,0,0,0,0,0,0,0,0,1,0,0,0,0,0,0,0,0,0,0,9,0,395-256,2162,1989-11-06,60.7%
118,Richard Pancho Gonzales,United States,USA,false,1928-05-09,26,22,1,3,3,0,11,0,8,0,0,1,0,0,0,0,1,0,2,0,0,0,0,0,0,0,2,0,2,9,0,151-89,2203,1970-07-23,62.9%
118,Alberto Berasategui,Spain,ESP,false,1973-06-28,26,24,0,2,5,0,3,0,16,0,0,0,0,0,0,0,0,0,0,0,0,0,2,0,0,0,0,0,0,14,0,278-199,2134,1994-11-07,58.3%
118,Magnus Gustafsson,Sweden,SWE,false,1967-01-03,26,26,0,0,1,0,5,0,17,3,0,0,0,0,0,0,0,0,0,0,0,0,0,0,0,0,0,0,0,14,0,415-260,2150,1991-08-05,61.5%
118,Kevin Anderson,South Africa,RSA,true,1986-05-18,26,24,1,1,9,2,2,0,11,0,0,1,0,0,0,0,1,0,0,0,0,0,0,0,0,0,0,0,0,6,0,341-236,2181,2019-01-07,59.1%
118,Nicolas Kiefer,Germany,GER,false,1977-07-05,26,24,2,0,6,2,5,0,10,1,0,2,0,0,0,0,0,0,0,0,0,0,0,0,0,0,0,0,0,6,0,364-273,2135,2000-02-14,57.1%
118,David Goffin,Belgium,BEL,true,1990-12-07,26,25,0,1,3,3,6,0,10,3,0,0,0,0,0,0,1,0,0,0,0,0,0,0,0,0,0,0,0,5,0,285-186,2165,2017-12-01,60.5%
124,Thomas Johansson,Sweden,SWE,false,1975-03-24,25,24,0,1,12,0,5,0,7,0,0,0,0,0,0,0,1,0,0,0,0,0,0,1,0,0,1,0,2,9,0,357-296,2136,2002-02-15,54.7%
124,Mark Cox,United Kingdom,GBR,false,1943-07-05,25,24,0,1,1,0,8,0,15,0,0,0,0,0,0,0,1,0,0,0,0,0,0,0,0,0,1,0,1,14,0,397-274,2132,1977-03-28,59.2%
124,Kevin Curren,United States,USA,false,1958-03-02,25,23,1,1,11,1,5,0,6,0,0,1,0,0,0,0,1,0,0,0,0,0,0,0,0,0,0,0,0,5,0,339-234,2162,1985-07-08,59.2%
127,Mark Edmondson,Australia,AUS,false,1954-06-24,24,23,0,1,14,0,3,0,6,0,0,0,0,0,0,0,1,0,0,0,0,0,0,1,0,0,0,0,1,6,0,259-244,2050,1982-07-05,51.5%
127,Felix Mantilla,Spain,ESP,false,1974-09-23,24,24,0,0,3,0,9,0,11,1,0,0,0,0,0,0,0,0,0,0,0,0,0,0,0,0,1,0,1,10,0,313-218,2133,1997-09-15,58.9%
127,Vijay Amritraj,India,IND,false,1953-12-14,24,24,0,0,4,1,1,0,18,0,0,0,0,0,0,0,0,0,0,0,0,0,0,0,0,0,0,0,0,16,0,411-315,2124,1980-12-16,56.6%
127,Victor Pecci,Paraguay,PAR,false,1955-10-15,24,23,0,1,6,0,6,0,11,0,0,0,0,0,0,0,1,0,0,0,0,0,0,0,0,0,0,0,0,10,0,368-251,2181,1981-06-08,59.5%
127,Tomas Smid,Czech Republic,CZE,false,1956-05-20,24,24,0,0,2,0,5,0,14,3,0,0,0,0,0,0,0,0,0,0,0,0,0,0,0,0,0,0,0,9,0,522-335,2133,1984-03-12,60.9%
127,Magnus Larsson,Sweden,SWE,false,1970-03-25,24,23,0,1,5,4,2,0,8,4,0,0,0,0,0,0,1,0,0,0,0,0,0,0,0,1,0,0,1,7,0,310-221,2188,1995-04-07,58.4%
133,Brian Teacher,United States,USA,false,1954-12-23,23,23,0,0,10,0,3,0,10,0,0,0,0,0,0,0,0,0,0,0,0,0,0,1,0,0,0,0,1,8,0,335-235,2133,1981-01-09,58.8%
133,Guillermo Canas,Argentina,ARG,false,1977-11-25,23,23,0,0,3,0,8,0,11,1,0,0,0,0,0,0,0,0,0,0,0,0,0,0,0,0,1,0,1,7,0,252-195,2113,2007-04-30,56.4%
133,Nicolas Almagro,Spain,ESP,false,1985-08-21,23,23,0,0,4,0,1,0,18,0,0,0,0,0,0,0,0,0,0,0,0,0,0,0,0,0,0,0,0,13,0,397-278,2160,2012-09-21,58.8%
133,Zeljko Franulovic,Croatia,CRO,false,1947-06-13,23,23,0,0,7,2,0,0,14,0,0,0,0,0,0,0,0,0,0,0,0,0,0,0,0,0,0,0,0,13,0,412-309,2126,1971-03-08,57.1%
133,Clark Graebner,United States,USA,false,1943-11-04,23,23,0,0,7,1,2,0,11,2,0,0,0,0,0,0,0,0,0,0,0,0,0,0,0,0,0,0,0,11,0,310-154,2147,1968-09-21,66.8%
133,Feliciano Lopez,Spain,ESP,true,1981-09-20,23,22,0,1,4,0,4,0,13,1,0,0,0,0,0,0,0,0,1,0,0,0,0,0,0,0,0,0,0,7,0,495-457,2074,2014-10-12,52.0%
133,Fernando Verdasco,Spain,ESP,true,1983-11-15,23,22,0,1,5,0,3,0,13,1,0,0,0,0,0,0,1,0,0,0,0,0,0,0,0,0,0,0,0,7,0,552-423,2204,2010-05-02,56.6%
133,Mardy Fish,United States,USA,false,1981-12-09,23,22,0,1,3,0,10,2,6,1,0,0,0,0,0,0,1,0,0,0,0,0,0,0,0,0,0,0,0,6,0,302-219,2169,2011-10-10,58.0%
141,Sandy Mayer,United States,USA,false,1952-04-05,22,22,0,0,4,0,2,0,16,0,0,0,0,0,0,0,0,0,0,0,0,0,0,0,0,0,0,0,0,12,0,370-199,2178,1978-04-03,65.0%
141,Robert Lutz,United States,USA,false,1947-08-29,22,22,0,0,3,0,2,0,17,0,0,0,0,0,0,0,0,0,0,0,0,0,0,0,0,0,0,0,0,11,0,450-296,2134,1971-10-25,60.3%
143,Roger Taylor,United Kingdom,GBR,false,1941-10-14,21,21,0,0,7,0,4,0,10,0,0,0,0,0,0,0,0,0,0,0,0,0,0,0,0,0,0,0,0,9,0,369-294,2118,1973-07-16,55.7%
143,Ivo Karlovic,Croatia,CRO,true,1979-02-28,21,12,2,7,1,0,1,0,9,1,0,0,0,0,2,0,0,0,0,0,0,0,7,0,0,0,0,0,0,8,0,370-343,2061,2007-11-04,51.9%
143,Roy Emerson,Australia,AUS,false,1936-11-03,21,18,2,1,4,0,5,0,9,0,0,2,0,0,0,0,1,0,0,0,0,0,0,0,0,0,0,0,0,6,0,269-165,2225,1968-04-24,62.0%
146,Karel Novacek,Czech Republic,CZE,false,1965-03-30,20,20,0,0,4,0,4,0,12,0,0,0,0,0,0,0,0,0,0,0,0,0,0,0,0,0,1,0,1,13,0,299-246,2109,1991-08-12,54.9%
146,Martin Jaite,Argentina,ARG,false,1964-10-09,20,20,0,0,1,0,5,0,13,1,0,0,0,0,0,0,0,0,0,0,0,0,0,0,0,0,0,0,0,12,0,301-179,2125,1990-02-12,62.7%
146,Jiri Novak,Czech Republic,CZE,false,1975-03-22,20,19,1,0,2,1,6,0,10,0,0,1,0,0,0,0,0,0,0,0,0,0,0,0,0,0,0,0,0,7,0,337-260,2112,2002-10-21,56.4%
146,Dennis Ralston,United States,USA,false,1942-07-27,20,18,1,1,5,0,3,0,10,0,0,0,0,1,0,0,1,0,0,0,0,0,0,0,0,0,0,0,0,6,0,152-128,2242,1968-06-07,54.3%
146,Earl Butch Buchholz,United States,USA,false,1940-09-16,20,18,1,1,3,0,4,0,11,0,0,0,0,1,0,0,1,0,0,0,0,0,0,0,0,0,0,0,0,6,0,95-78,2226,1968-05-17,54.9%
146,Radek Stepanek,Czech Republic,CZE,false,1978-11-27,20,20,0,0,1,0,8,0,8,3,0,0,0,0,0,0,0,0,0,0,0,0,0,0,0,0,0,0,0,5,0,384-302,2136,2009-11-15,56.0%
152,Roberto Bautista Agut,Spain,ESP,true,1988-04-14,19,19,0,0,3,0,4,0,10,2,0,0,0,0,0,0,0,0,0,0,0,0,0,0,0,0,0,0,0,9,0,311-185,2135,2016-10-17,62.7%
152,Andrey Rublev,Russian Federation,RUS,true,1997-10-20,19,19,0,0,4,1,0,0,13,1,0,0,0,0,0,0,0,0,0,0,0,0,0,0,0,0,0,0,0,8,0,139-86,2227,2021-03-08,61.8%
152,Rainer Schuettler,Germany,GER,false,1976-04-25,19,18,1,0,6,2,5,0,5,0,0,1,0,0,0,0,0,0,0,0,0,0,0,0,0,0,0,0,0,4,0,327-337,2123,2003-10-13,49.2%
155,Fabio Fognini,Italy,ITA,true,1987-05-24,18,18,0,0,1,0,6,0,11,0,0,0,0,0,0,0,0,0,0,0,0,0,0,0,0,0,1,0,1,9,0,369-318,2112,2014-04-20,53.7%
155,Jaime Fillol,Chile,CHI,false,1946-06-03,18,18,0,0,1,0,6,0,11,0,0,0,0,0,0,0,0,0,0,0,0,0,0,0,0,0,0,0,0,8,0,523-362,2145,1975-10-20,59.1%
155,Dominik Hrbaty,Slovakia,SVK,false,1978-01-04,18,18,0,0,5,0,4,0,6,3,0,0,0,0,0,0,0,0,0,0,0,0,0,0,0,0,0,0,0,6,0,359-318,2085,2001-01-29,53.0%
155,Peter Mcnamara,Australia,AUS,false,1955-07-05,18,17,0,1,5,0,2,0,9,1,0,0,0,0,0,0,1,0,0,0,0,0,0,0,0,0,0,0,0,5,0,204-136,2168,1981-07-20,60.0%
159,Sam Querrey,United States,USA,true,1987-10-07,17,17,0,0,5,0,0,0,12,0,0,0,0,0,0,0,0,0,0,0,0,0,0,0,0,0,0,0,0,10,0,374-305,2068,2013-04-12,55.1%
159,Guillermo Perez Roldan,Argentina,ARG,false,1969-10-20,17,14,0,3,1,0,2,0,11,0,0,0,0,0,0,0,0,0,0,0,0,0,3,0,0,0,0,0,0,9,0,241-137,2057,1989-06-12,63.8%
159,Sjeng Schalken,Netherlands,NED,false,1976-09-08,17,17,0,0,6,0,0,0,11,0,0,0,0,0,0,0,0,0,0,0,0,0,0,0,0,0,0,0,0,9,0,292-267,2085,2003-09-26,52.2%
159,Karol Kucera,Slovakia,SVK,false,1974-03-04,17,17,0,0,4,1,1,0,10,1,0,0,0,0,0,0,0,0,0,0,0,0,0,0,0,0,0,0,0,6,0,293-244,2125,1998-10-19,54.6%
159,Nikola Pilic,Croatia,CRO,false,1939-08-27,17,17,0,0,5,0,3,0,9,0,0,0,0,0,0,0,0,0,0,0,0,0,0,0,0,0,0,0,0,6,0,302-249,2143,1968-04-04,54.8%
159,Malivai Washington,United States,USA,false,1969-06-20,17,17,0,0,5,0,6,0,6,0,0,0,0,0,0,0,0,0,0,0,0,0,0,0,0,0,0,0,0,4,0,251-183,2071,1992-10-26,57.8%
159,Matteo Berrettini,Italy,ITA,true,1996-04-12,17,7,0,10,2,1,1,0,3,0,0,0,0,0,0,0,0,10,0,0,0,0,0,0,0,0,0,0,0,3,0,79-53,2102,2019-10-28,59.8%
166,Alberto Mancini,Argentina,ARG,false,1969-05-20,16,15,0,1,1,0,12,0,2,0,0,0,0,0,0,0,1,0,0,0,0,0,0,0,0,0,2,0,2,3,0,148-125,2092,1989-06-12,54.2%
166,Fred Stolle,Australia,AUS,false,1938-10-08,16,15,0,1,4,0,8,0,3,0,0,0,0,0,0,0,1,0,0,0,0,0,0,0,0,0,1,0,1,5,0,173-166,2178,1969-06-30,51.0%
166,Mikael Pernfors,Sweden,SWE,false,1963-07-16,16,16,0,0,5,1,6,0,3,1,0,0,0,0,0,0,0,0,0,0,0,0,0,0,0,0,1,0,1,3,0,140-114,2065,1988-10-10,55.1%
166,Nick Kyrgios,Australia,AUS,true,1995-04-27,16,16,0,0,2,0,4,0,10,0,0,0,0,0,0,0,0,0,0,0,0,0,0,0,0,0,0,0,0,6,0,164-94,2176,2017-05-15,63.6%
166,Onny Parun,New Zealand,NZL,false,1947-04-15,16,16,0,0,8,0,2,0,6,0,0,0,0,0,0,0,0,0,0,0,0,0,0,0,0,0,0,0,0,6,0,377-344,2097,1975-06-18,52.3%
166,Phil Dent,Australia,AUS,false,1950-02-14,16,16,0,0,10,0,2,0,4,0,0,0,0,0,0,0,0,0,0,0,0,0,0,0,0,0,0,0,0,3,0,397-345,2075,1977-08-23,53.5%
172,Balazs Taroczy,Hungary,HUN,false,1954-05-09,15,15,0,0,2,0,0,0,13,0,0,0,0,0,0,0,0,0,0,0,0,0,0,0,0,0,0,0,0,13,0,429-239,2124,1981-06-19,64.2%
172,Juan Monaco,Argentina,ARG,false,1984-03-29,15,15,0,0,0,0,2,0,12,1,0,0,0,0,0,0,0,0,0,0,0,0,0,0,0,0,0,0,0,9,0,341-271,2125,2012-07-23,55.7%
172,Corrado Barazzutti,Italy,ITA,false,1953-02-19,15,15,0,0,5,1,2,0,6,1,0,0,0,0,0,0,0,0,0,0,0,0,0,0,0,0,0,0,0,5,0,333-231,2142,1978-08-28,59.0%
172,Jimmy Arias,United States,USA,false,1964-08-16,15,14,1,0,3,1,5,0,5,0,0,1,0,0,0,0,0,0,0,0,0,0,0,0,0,0,0,0,0,5,0,286-223,2157,1983-09-19,56.2%
172,Jonas Svensson,Sweden,SWE,false,1966-10-21,15,15,0,0,5,0,2,0,8,0,0,0,0,0,0,0,0,0,0,0,0,0,0,0,0,0,0,0,0,5,0,258-204,2084,1990-11-05,55.8%
172,Lucas Pouille,France,FRA,true,1994-02-23,15,14,0,1,4,0,2,0,7,1,0,0,0,0,0,0,0,0,0,0,0,1,0,0,0,0,0,0,0,5,0,131-109,2069,2017-05-01,54.6%
172,Nicolas Lapentti,Ecuador,ECU,false,1976-08-13,15,15,0,0,3,0,4,0,8,0,0,0,0,0,0,0,0,0,0,0,0,0,0,0,0,0,0,0,0,5,0,322-298,2108,1999-11-08,51.9%
172,Marcos Baghdatis,Cyprus,CYP,false,1985-06-17,15,15,0,0,7,0,2,0,6,0,0,0,0,0,0,0,0,0,0,0,0,0,0,0,0,0,0,0,0,4,0,349-273,2098,2007-11-04,56.1%
172,David Wheaton,United States,USA,false,1969-06-02,15,14,0,1,4,5,3,0,2,0,0,0,0,0,0,0,0,0,0,0,0,1,0,0,0,1,0,0,1,3,0,232-191,2121,1992-01-13,54.8%
181,Bill Scanlon,United States,USA,false,1956-11-13,14,14,0,0,4,1,3,0,6,0,0,0,0,0,0,0,0,0,0,0,0,0,0,0,0,0,0,0,0,6,0,300-259,2122,1983-09-13,53.7%
181,Juan Ignacio Chela,Argentina,ARG,false,1979-08-30,14,14,0,0,3,0,0,0,10,1,0,0,0,0,0,0,0,0,0,0,0,0,0,0,0,0,0,0,0,6,0,326-277,2049,2007-05-21,54.1%
181,Nicolas Massu,Chile,CHI,false,1979-10-10,14,13,0,1,0,0,2,3,7,1,0,0,0,0,0,0,0,0,1,0,0,0,0,0,0,0,0,1,1,6,0,257-238,2053,2003-10-20,51.9%
181,Ray Ruffels,Australia,AUS,false,1946-03-23,14,14,0,0,8,0,0,0,6,0,0,0,0,0,0,0,0,0,0,0,0,0,0,0,0,0,0,0,0,5,0,219-200,2012,1972-02-13,52.3%
181,Diego Sebastian Schwartzman,Argentina,ARG,true,1992-08-16,14,14,0,0,5,0,3,0,6,0,0,0,0,0,0,0,0,0,0,0,0,0,0,0,0,0,0,0,0,4,0,176-145,2097,2020-11-09,54.8%
186,Amos Mansdorf,Israel,ISR,false,1965-10-20,13,13,0,0,1,0,5,0,7,0,0,0,0,0,0,0,0,0,0,0,0,0,0,0,0,0,1,0,1,6,0,306-233,2057,1993-07-26,56.8%
186,Ross Case,Australia,AUS,false,1951-11-01,13,13,0,0,4,0,6,0,3,0,0,0,0,0,0,0,0,0,0,0,0,0,0,0,0,0,1,0,1,4,0,276-275,2070,1976-04-27,50.1%
186,Bob Hewitt,South Africa,RSA,false,1940-01-12,13,13,0,0,0,0,2,0,11,0,0,0,0,0,0,0,0,0,0,0,0,0,0,0,0,0,0,0,0,10,0,264-169,2132,1970-07-06,61.0%
186,Kent Carlsson,Sweden,SWE,false,1968-01-03,13,13,0,0,0,0,1,0,11,1,0,0,0,0,0,0,0,0,0,0,0,0,0,0,0,0,0,0,0,9,0,160-54,2213,1988-09-19,74.8%
186,Jakob Hlasek,Switzerland,SUI,false,1964-11-12,13,13,0,0,1,3,4,0,5,0,0,0,0,0,0,0,0,0,0,0,0,0,0,0,0,0,0,0,0,5,0,438-333,2184,1989-02-13,56.8%
186,Pablo Carreno Busta,Spain,ESP,true,1991-07-12,13,13,0,0,6,0,2,0,5,0,0,0,0,0,0,0,0,0,0,0,0,0,0,0,0,0,0,0,0,4,0,196-168,2075,2020-11-09,53.8%
192,Jaime Yzaga,Peru,PER,false,1967-10-23,12,12,0,0,2,0,0,0,10,0,0,0,0,0,0,0,0,0,0,0,0,0,0,0,0,0,0,0,0,8,0,266-224,2022,1992-04-20,54.3%
192,Carlos Costa,Spain,ESP,false,1968-04-22,12,12,0,0,0,0,3,0,8,1,0,0,0,0,0,0,0,0,0,0,0,0,0,0,0,0,0,0,0,6,0,248-208,2075,1992-06-08,54.4%
192,Henrik Sundstrom,Sweden,SWE,false,1964-02-29,12,12,0,0,1,0,2,0,7,2,0,0,0,0,0,0,0,0,0,0,0,0,0,0,0,0,0,0,0,5,0,154-108,2121,1985-06-10,58.8%
192,Janko Tipsarevic,Serbia,SRB,false,1984-06-22,12,12,0,0,2,1,3,0,4,2,0,0,0,0,0,0,0,0,0,0,0,0,0,0,0,0,0,0,0,4,0,288-258,2158,2012-08-13,52.7%
192,Nicolas Escude,France,FRA,false,1976-04-03,12,12,0,0,4,0,0,0,6,2,0,0,0,0,0,0,0,0,0,0,0,0,0,0,0,0,0,0,0,4,0,172-129,2091,2002-02-25,57.1%
192,Tim Gullikson,United States,USA,false,1951-09-08,12,12,0,0,1,0,6,0,5,0,0,0,0,0,0,0,0,0,0,0,0,0,0,0,0,0,0,0,0,4,0,272-223,2113,1978-12-11,54.9%
192,Kim Warwick,Australia,AUS,false,1952-04-08,12,12,0,0,7,0,2,0,3,0,0,0,0,0,0,0,0,0,0,0,0,0,0,0,0,0,0,0,0,3,0,280-266,2040,1981-01-09,51.3%
199,Juan Aguilera,Spain,ESP,false,1962-03-22,11,11,0,0,0,0,8,0,3,0,0,0,0,0,0,0,0,0,0,0,0,0,0,0,0,0,2,0,2,5,0,146-141,2059,1990-05-14,50.9%
199,Andrei Pavel,Romania,ROU,false,1974-01-27,11,11,0,0,1,0,7,0,3,0,0,0,0,0,0,0,0,0,0,0,0,0,0,0,0,0,1,0,1,3,0,279-266,2061,2004-05-17,51.2%
199,Ramesh Krishnan,India,IND,false,1961-06-05,11,11,0,0,3,0,0,0,8,0,0,0,0,0,0,0,0,0,0,0,0,0,0,0,0,0,0,0,0,8,0,323-288,2032,1988-01-11,52.9%
199,Fabrice Santoro,France,FRA,false,1972-12-09,11,11,0,0,1,0,3,0,7,0,0,0,0,0,0,0,0,0,0,0,0,0,0,0,0,0,0,0,0,6,0,470-444,2052,2001-08-06,51.4%
199,Colin Dibley,Australia,AUS,false,1944-09-19,11,11,0,0,5,0,1,0,5,0,0,0,0,0,0,0,0,0,0,0,0,0,0,0,0,0,0,0,0,5,0,332-313,1984,1973-01-29,51.5%
199,Jurgen Melzer,Austria,AUT,false,1981-05-22,11,11,0,0,2,0,1,0,8,0,0,0,0,0,0,0,0,0,0,0,0,0,0,0,0,0,0,0,0,5,0,350-334,2110,2011-01-31,51.2%
199,Younes El Aynaoui,Morocco,MAR,false,1971-09-12,11,11,0,0,4,0,1,0,6,0,0,0,0,0,0,0,0,0,0,0,0,0,0,0,0,0,0,0,0,5,0,269-227,2095,2002-05-06,54.2%
199,Arnaud Clement,France,FRA,false,1977-12-17,11,11,0,0,6,0,1,0,4,0,0,0,0,0,0,0,0,0,0,0,0,0,0,0,0,0,0,0,0,4,0,316-327,2107,2001-02-16,49.1%
199,Mario Ancic,Croatia,CRO,false,1984-03-30,11,11,0,0,5,0,1,0,4,1,0,0,0,0,0,0,0,0,0,0,0,0,0,0,0,0,0,0,0,3,0,208-135,2133,2006-07-10,60.6%
199,Dick Crealy,Australia,AUS,false,1944-09-18,11,11,0,0,9,0,0,0,2,0,0,0,0,0,0,0,0,0,0,0,0,0,0,0,0,0,0,0,0,2,0,321-313,1989,1970-07-25,50.6%
199,Steve Denton,United States,USA,false,1956-09-05,11,11,0,0,8,0,2,0,1,0,0,0,0,0,0,0,0,0,0,0,0,0,0,0,0,0,0,0,0,0,0,108-116,2093,1982-12-16,48.2%
210,Bill Bowrey,Australia,AUS,false,1943-12-25,10,10,0,0,9,0,0,0,0,1,0,0,0,0,0,0,0,0,0,0,0,0,0,1,0,0,0,0,1,1,0,99-109,2025,1968-04-01,47.6%
210,Jack Sock,United States,USA,true,1992-09-24,10,10,0,0,0,2,5,0,3,0,0,0,0,0,0,0,0,0,0,0,0,0,0,0,0,0,1,0,1,4,0,165-132,2144,2017-04-03,55.6%
210,Karen Khachanov,Russian Federation,RUS,true,1996-05-21,10,10,0,0,1,0,6,0,3,0,0,0,0,0,0,0,0,0,0,0,0,0,0,0,0,0,1,0,1,4,0,143-113,2137,2018-11-05,55.9%
210,Francisco Clavet,Spain,ESP,false,1968-10-24,10,10,0,0,0,0,2,0,8,0,0,0,0,0,0,0,0,0,0,0,0,0,0,0,0,0,0,0,0,8,0,388-340,2035,1999-05-10,53.3%
210,Ernests Gulbis,Latvia,LAT,true,1988-08-30,10,10,0,0,3,0,1,0,6,0,0,0,0,0,0,0,0,0,0,0,0,0,0,0,0,0,0,0,0,6,0,245-237,2167,2014-06-09,50.8%
210,Horst Skoff,Austria,AUT,false,1968-08-22,10,10,0,0,0,0,5,0,5,0,0,0,0,0,0,0,0,0,0,0,0,0,0,0,0,0,0,0,0,4,0,228-203,2054,1989-05-15,52.9%
210,Alexander Volkov,Russian Federation,RUS,false,1967-03-03,10,10,0,0,3,0,2,0,5,0,0,0,0,0,0,0,0,0,0,0,0,0,0,0,0,0,0,0,0,3,0,303-255,2073,1992-03-02,54.3%
210,Jay Berger,United States,USA,false,1966-11-26,10,10,0,0,2,0,5,0,3,0,0,0,0,0,0,0,0,0,0,0,0,0,0,0,0,0,0,0,0,3,0,141-80,2081,1989-09-11,63.8%
210,Wally Masur,Australia,AUS,false,1963-05-13,10,10,0,0,5,0,1,0,4,0,0,0,0,0,0,0,0,0,0,0,0,0,0,0,0,0,0,0,0,3,0,328-286,2054,1993-10-01,53.4%
210,Hank Pfister,United States,USA,false,1953-10-09,10,10,0,0,6,0,2,0,2,0,0,0,0,0,0,0,0,0,0,0,0,0,0,0,0,0,0,0,0,2,0,261-213,2060,1982-08-10,55.1%
220,Philipp Kohlschreiber,Germany,GER,true,1983-10-16,9,9,0,0,1,0,0,0,8,0,0,0,0,0,0,0,0,0,0,0,0,0,0,0,0,0,0,0,0,8,0,470-376,2117,2016-05-02,55.6%
220,Jordi Arrese,Spain,ESP,false,1964-08-29,9,9,0,0,0,0,1,2,6,0,0,0,0,0,0,0,0,0,0,0,0,0,0,0,0,0,0,0,0,6,0,224-210,2005,1991-11-04,51.6%
220,Pablo Cuevas,Uruguay,URU,true,1986-01-01,9,9,0,0,0,0,1,0,8,0,0,0,0,0,0,0,0,0,0,0,0,0,0,0,0,0,0,0,0,6,0,232-208,2004,2017-05-15,52.7%
220,Tim Wilkison,United States,USA,false,1959-11-23,9,9,0,0,1,0,1,0,7,0,0,0,0,0,0,0,0,0,0,0,0,0,0,0,0,0,0,0,0,6,0,294-297,2036,1986-09-09,49.7%
220,Jeff Borowiak,United States,USA,false,1949-09-25,9,9,0,0,0,0,2,0,7,0,0,0,0,0,0,0,0,0,0,0,0,0,0,0,0,0,0,0,0,5,0,282-298,2079,1977-08-23,48.6%
220,Paradorn Srichaphan,Thailand,THA,false,1979-06-14,9,9,0,0,0,0,3,0,6,0,0,0,0,0,0,0,0,0,0,0,0,0,0,0,0,0,0,0,0,5,0,248-193,2103,2003-01-06,56.2%
220,Jason Stoltenberg,Australia,AUS,false,1970-04-04,9,9,0,0,2,0,2,0,5,0,0,0,0,0,0,0,0,0,0,0,0,0,0,0,0,0,0,0,0,4,0,303-267,2068,1994-08-15,53.2%
220,Mark Woodforde,Australia,AUS,false,1965-09-23,9,9,0,0,2,0,1,0,6,0,0,0,0,0,0,0,0,0,0,0,0,0,0,0,0,0,0,0,0,4,0,319-312,2062,1993-04-02,50.6%
220,Alexandr Dolgopolov,Ukraine,UKR,false,1988-11-07,9,9,0,0,1,0,2,0,6,0,0,0,0,0,0,0,0,0,0,0,0,0,0,0,0,0,0,0,0,3,0,219-201,2057,2014-03-30,52.1%
220,Chris Lewis Nzl,New Zealand,NZL,false,1957-03-09,9,9,0,0,4,0,2,0,3,0,0,0,0,0,0,0,0,0,0,0,0,0,0,0,0,0,0,0,0,3,0,224-188,2000,1983-07-18,54.4%
220,Scott Davis,United States,USA,false,1962-08-27,9,9,0,0,1,0,4,0,4,0,0,0,0,0,0,0,0,0,0,0,0,0,0,0,0,0,0,0,0,3,0,206-198,2052,1985-04-29,51.0%
220,Borna Coric,Croatia,CRO,true,1996-11-14,9,9,0,0,1,0,3,0,4,1,0,0,0,0,0,0,0,0,0,0,0,0,0,0,0,0,0,0,0,2,0,165-142,2102,2019-03-04,53.7%
220,John Sadri,United States,USA,false,1956-09-19,9,9,0,0,6,0,1,0,2,0,0,0,0,0,0,0,0,0,0,0,0,0,0,0,0,0,0,0,0,2,0,215-190,2080,1981-01-26,53.1%
220,Max Mirnyi,Belarus,BLR,false,1977-07-06,9,9,0,0,1,0,5,0,3,0,0,0,0,0,0,0,0,0,0,0,0,0,0,0,0,0,0,0,0,1,0,244-242,2041,2001-10-29,50.2%
234,Chris Woodruff,United States,USA,false,1973-01-02,8,8,0,0,1,0,5,0,2,0,0,0,0,0,0,0,0,0,0,0,0,0,0,0,0,0,1,0,1,2,0,109-104,2010,1997-08-04,51.2%
234,John Fitzgerald,Australia,AUS,false,1960-12-28,8,8,0,0,0,0,0,0,7,1,0,0,0,0,0,0,0,0,0,0,0,0,0,0,0,0,0,0,0,6,0,241-232,2011,1984-03-26,51.0%
234,Martin Klizan,Slovakia,SVK,true,1989-07-11,8,8,0,0,0,0,0,0,8,0,0,0,0,0,0,0,0,0,0,0,0,0,0,0,0,0,0,0,0,6,0,147-153,1998,2018-09-24,49.0%
234,Paolo Bertolucci,Italy,ITA,false,1951-08-03,8,8,0,0,1,0,1,0,6,0,0,0,0,0,0,0,0,0,0,0,0,0,0,0,0,0,0,0,0,6,0,205-148,2052,1977-06-20,58.1%
234,Michael Llodra,France,FRA,false,1980-05-18,8,8,0,0,0,0,2,0,6,0,0,0,0,0,0,0,0,0,0,0,0,0,0,0,0,0,0,0,0,5,0,187-221,2012,2010-11-14,45.8%
234,Thierry Tulasne,France,FRA,false,1963-07-12,8,8,0,0,0,0,3,0,5,0,0,0,0,0,0,0,0,0,0,0,0,0,0,0,0,0,0,0,0,5,0,229-221,2067,1986-03-17,50.9%
234,Charlie Pasarell,United States,USA,false,1944-02-12,8,8,0,0,1,0,4,0,3,0,0,0,0,0,0,0,0,0,0,0,0,0,0,0,0,0,0,0,0,4,0,284-269,2065,1968-06-24,51.4%
234,Jan Siemerink,Netherlands,NED,false,1970-04-14,8,8,0,0,1,0,1,0,6,0,0,0,0,0,0,0,0,0,0,0,0,0,0,0,0,0,0,0,0,4,0,273-271,2064,1998-10-05,50.2%
234,Arnaud Boetsch,France,FRA,false,1969-04-01,8,8,0,0,0,0,4,0,3,1,0,0,0,0,0,0,0,0,0,0,0,0,0,0,0,0,0,0,0,3,0,231-203,2073,1993-11-08,53.2%
234,Mal Anderson,Australia,AUS,false,1935-03-03,8,8,0,0,4,0,1,0,3,0,0,0,0,0,0,0,0,0,0,0,0,0,0,0,0,0,0,0,0,3,0,84-52,2051,1973-01-08,61.8%
234,Mariano Puerta,Argentina,ARG,false,1978-09-19,8,8,0,0,4,0,0,0,4,0,0,0,0,0,0,0,0,0,0,0,0,0,0,0,0,0,0,0,0,3,0,128-118,2042,2000-07-24,52.0%
234,Mariano Zabaleta,Argentina,ARG,false,1978-02-28,8,8,0,0,1,0,3,0,4,0,0,0,0,0,0,0,0,0,0,0,0,0,0,0,0,0,0,0,0,3,0,202-213,2027,2003-08-18,48.7%
234,Peter Fleming,United States,USA,false,1955-01-21,8,8,0,0,1,0,1,0,6,0,0,0,0,0,0,0,0,0,0,0,0,0,0,0,0,0,0,0,0,3,0,224-214,2148,1979-10-01,51.1%
234,Slobodan Zivojinovic,Serbia,SRB,false,1963-07-23,8,8,0,0,5,0,0,0,3,0,0,0,0,0,0,0,0,0,0,0,0,0,0,0,0,0,0,0,0,2,0,155-141,2044,1988-07-04,52.4%
234,Todd Woodbridge,Australia,AUS,false,1971-04-02,8,8,0,0,2,0,2,0,4,0,0,0,0,0,0,0,0,0,0,0,0,0,0,0,0,0,0,0,0,2,0,244-236,2039,1997-02-24,50.8%
234,Denis Shapovalov,Canada,CAN,true,1999-04-15,8,8,0,0,1,0,6,0,1,0,0,0,0,0,0,0,0,0,0,0,0,0,0,0,0,0,0,0,0,1,0,105-86,2075,2020-01-13,55.0%
234,Goran Prpic,Croatia,CRO,false,1964-05-04,8,8,0,0,2,0,4,0,1,1,0,0,0,0,0,0,0,0,0,0,0,0,0,0,0,0,0,0,0,1,0,126-121,2081,1991-05-20,51.0%
234,John Lloyd,United Kingdom,GBR,false,1954-08-27,8,8,0,0,6,0,0,0,2,0,0,0,0,0,0,0,0,0,0,0,0,0,0,0,0,0,0,0,0,1,0,217-272,2027,1978-06-26,44.4%
234,Patrick Proisy,France,FRA,false,1949-09-10,8,8,0,0,7,0,0,0,1,0,0,0,0,0,0,0,0,0,0,0,0,0,0,0,0,0,0,0,0,1,0,224-194,1972,1973-07-22,53.6%
253,Dmitry Tursunov,Russian Federation,RUS,false,1982-12-12,7,7,0,0,0,0,0,0,7,0,0,0,0,0,0,0,0,0,0,0,0,0,0,0,0,0,0,0,0,7,0,231-218,2042,2008-10-06,51.4%
253,Luiz Mattar,Brazil,BRA,false,1963-08-18,7,7,0,0,0,0,0,0,7,0,0,0,0,0,0,0,0,0,0,0,0,0,0,0,0,0,0,0,0,7,0,191-178,1944,1994-05-16,51.8%
253,Albert Montanes,Spain,ESP,false,1980-11-26,7,7,0,0,0,0,0,0,7,0,0,0,0,0,0,0,0,0,0,0,0,0,0,0,0,0,0,0,0,6,0,255-287,2019,2010-11-01,47.0%
253,Martin Mulligan,Australia,AUS,false,1940-10-18,7,7,0,0,1,0,0,0,6,0,0,0,0,0,0,0,0,0,0,0,0,0,0,0,0,0,0,0,0,6,0,109-64,2136,1969-05-26,63.0%
253,Heinz Gunthardt,Switzerland,SUI,false,1959-02-08,7,7,0,0,2,0,0,0,5,0,0,0,0,0,0,0,0,0,0,0,0,0,0,0,0,0,0,0,0,5,0,248-207,2075,1980-07-14,54.5%
253,Ion Tiriac,Romania,ROU,false,1939-05-09,7,7,0,0,1,0,0,0,5,1,0,0,0,0,0,0,0,0,0,0,0,0,0,0,0,0,0,0,0,5,0,227-198,2058,1968-07-15,53.4%
253,Alex De Minaur,Australia,AUS,true,1999-02-17,7,7,0,0,1,0,0,0,6,0,0,0,0,0,0,0,0,0,0,0,0,0,0,0,0,0,0,0,0,4,0,84-60,2061,2020-09-14,58.3%
253,Andrew Pattison,United States,USA,false,1949-01-30,7,7,0,0,1,0,1,0,5,0,0,0,0,0,0,0,0,0,0,0,0,0,0,0,0,0,0,0,0,4,0,284-261,2060,1976-02-15,52.1%
253,Hans Gildemeister,Chile,CHI,false,1956-02-09,7,7,0,0,3,0,0,0,4,0,0,0,0,0,0,0,0,0,0,0,0,0,0,0,0,0,0,0,0,4,0,212-144,2104,1979-12-21,59.6%
253,Javier Sanchez,Spain,ESP,false,1968-02-01,7,7,0,0,2,0,1,0,4,0,0,0,0,0,0,0,0,0,0,0,0,0,0,0,0,0,0,0,0,4,0,326-334,1989,1993-09-13,49.4%
253,Karl Meiler,Germany,GER,false,1949-04-30,7,7,0,0,2,0,1,0,4,0,0,0,0,0,0,0,0,0,0,0,0,0,0,0,0,0,0,0,0,4,0,253-192,2015,1976-08-16,56.9%
253,Brian Fairlie,New Zealand,NZL,false,1948-06-13,7,7,0,0,1,0,1,0,5,0,0,0,0,0,0,0,0,0,0,0,0,0,0,0,0,0,0,0,0,3,0,231-228,2023,1973-04-16,50.3%
253,Carl Uwe Steeb,Germany,GER,false,1967-09-01,7,7,0,0,0,0,2,0,4,1,0,0,0,0,0,0,0,0,0,0,0,0,0,0,0,0,0,0,0,3,0,212-212,2063,1990-02-19,50.0%
253,Jan Michael Gambill,United States,USA,false,1977-06-03,7,7,0,0,1,0,3,0,3,0,0,0,0,0,0,0,0,0,0,0,0,0,0,0,0,0,0,0,0,3,0,201-196,2091,2001-03-30,50.6%
253,Mel Purcell,United States,USA,false,1959-07-18,7,7,0,0,1,0,2,0,4,0,0,0,0,0,0,0,0,0,0,0,0,0,0,0,0,0,0,0,0,3,0,191-164,2088,1981-10-12,53.8%
253,Robby Ginepri,United States,USA,false,1982-10-07,7,7,0,0,2,0,2,0,3,0,0,0,0,0,0,0,0,0,0,0,0,0,0,0,0,0,0,0,0,3,0,188-204,2057,2005-10-24,48.0%
253,Agustin Calleri,Argentina,ARG,false,1976-09-14,7,7,0,0,0,0,2,0,4,1,0,0,0,0,0,0,0,0,0,0,0,0,0,0,0,0,0,0,0,2,0,209-187,2043,2003-05-19,52.8%
253,Florian Mayer,Germany,GER,false,1983-10-05,7,7,0,0,2,0,0,0,4,1,0,0,0,0,0,0,0,0,0,0,0,0,0,0,0,0,0,0,0,2,0,243-261,2044,2011-11-14,48.2%
253,Hicham Arazi,Morocco,MAR,false,1973-10-19,7,7,0,0,4,0,2,0,1,0,0,0,0,0,0,0,0,0,0,0,0,0,0,0,0,0,0,0,0,1,0,221-226,2025,2002-01-07,49.4%
272,Manuel Santana,Spain,ESP,false,1938-05-10,6,6,0,0,0,0,0,0,6,0,0,0,0,0,0,0,0,0,0,0,0,0,0,0,0,0,0,0,0,7,0,110-44,2157,1969-08-18,71.4%
272,Marcelo Filippini,Uruguay,URU,false,1967-08-04,6,6,0,0,1,0,0,0,5,0,0,0,0,0,0,0,0,0,0,0,0,0,0,0,0,0,0,0,0,5,0,248-252,1971,1997-05-26,49.6%
272,Thomaz Koch,Brazil,BRA,false,1945-05-11,6,6,0,0,1,0,0,0,5,0,0,0,0,0,0,0,0,0,0,0,0,0,0,0,0,0,0,0,0,5,0,211-164,2031,1971-04-29,56.3%
272,Bernard Tomic,Australia,AUS,true,1992-10-21,6,6,0,0,1,0,0,0,5,0,0,0,0,0,0,0,0,0,0,0,0,0,0,0,0,0,0,0,0,4,0,186-182,2037,2016-02-01,50.5%
272,Butch Walts,United States,USA,false,1955-06-04,6,6,0,0,1,0,0,0,5,0,0,0,0,0,0,0,0,0,0,0,0,0,0,0,0,0,0,0,0,4,0,142-136,2039,1980-01-21,51.1%
272,Jacco Eltingh,Netherlands,NED,false,1970-08-29,6,6,0,0,2,0,0,0,4,0,0,0,0,0,0,0,0,0,0,0,0,0,0,0,0,0,0,0,0,4,0,127-147,2028,1995-07-10,46.4%
272,Marcel Granollers,Spain,ESP,true,1986-04-12,6,6,0,0,0,0,0,0,6,0,0,0,0,0,0,0,0,0,0,0,0,0,0,0,0,0,0,0,0,4,0,202-250,2004,2013-11-04,44.7%
272,Pablo Andujar,Spain,ESP,true,1986-01-23,6,6,0,0,0,0,1,0,5,0,0,0,0,0,0,0,0,0,0,0,0,0,0,0,0,0,0,0,0,4,0,145-212,1929,2015-07-13,40.6%
272,Paul Henri Mathieu,France,FRA,false,1982-01-12,6,6,0,0,0,0,1,0,5,0,0,0,0,0,0,0,0,0,0,0,0,0,0,0,0,0,0,0,0,4,0,276-306,2082,2007-08-12,47.4%
272,Richard Fromberg,Australia,AUS,false,1970-04-28,6,6,0,0,0,0,0,0,4,2,0,0,0,0,0,0,0,0,0,0,0,0,0,0,0,0,0,0,0,4,0,256-287,1965,1990-08-13,47.1%
272,Taylor Dent,United States,USA,false,1981-04-24,6,6,0,0,0,0,0,0,6,0,0,0,0,0,0,0,0,0,0,0,0,0,0,0,0,0,0,0,0,4,0,151-140,2040,2004-02-02,51.9%
272,Fernando Meligeni,Brazil,BRA,false,1971-04-12,6,6,0,0,2,0,0,0,4,0,0,0,0,0,0,0,0,0,0,0,0,0,0,0,0,0,0,0,0,3,0,202-217,2021,1999-06-07,48.2%
272,Franco Squillari,Argentina,ARG,false,1975-08-22,6,6,0,0,2,0,0,0,4,0,0,0,0,0,0,0,0,0,0,0,0,0,0,0,0,0,0,0,0,3,0,155-165,2009,2000-07-24,48.4%
272,Igor Andreev,Russian Federation,RUS,false,1983-07-14,6,6,0,0,1,0,0,0,3,2,0,0,0,0,0,0,0,0,0,0,0,0,0,0,0,0,0,0,0,3,0,237-231,2062,2008-09-08,50.6%
272,Joachim Johansson,Sweden,SWE,false,1982-07-01,6,6,0,0,2,0,0,0,4,0,0,0,0,0,0,0,0,0,0,0,0,0,0,0,0,0,0,0,0,3,0,72-59,2074,2005-02-14,55.0%
272,Jose Acasuso,Argentina,ARG,false,1982-10-20,6,6,0,0,0,0,1,0,4,1,0,0,0,0,0,0,0,0,0,0,0,0,0,0,0,0,0,0,0,3,0,193-183,2011,2006-08-14,51.3%
272,Nikoloz Basilashvili,Georgia,GEO,true,1992-02-23,6,6,0,0,0,0,0,0,6,0,0,0,0,0,0,0,0,0,0,0,0,0,0,0,0,0,0,0,0,3,0,98-116,1990,2019-01-07,45.8%
272,Paul Annacone,United States,USA,false,1963-03-20,6,6,0,0,1,0,0,0,5,0,0,0,0,0,0,0,0,0,0,0,0,0,0,0,0,0,0,0,0,3,0,157-130,2055,1985-10-21,54.7%
272,Peter Lundgren,Sweden,SWE,false,1965-01-29,6,6,0,0,0,0,2,0,4,0,0,0,0,0,0,0,0,0,0,0,0,0,0,0,0,0,0,0,0,3,0,119-136,2010,1987-11-09,46.7%
272,Richey Reneberg,United States,USA,false,1965-10-05,6,6,0,0,0,0,2,0,4,0,0,0,0,0,0,0,0,0,0,0,0,0,0,0,0,0,0,0,0,3,0,307-263,2064,1996-06-24,53.9%
272,Viktor Troicki,Serbia,SRB,true,1986-02-10,6,6,0,0,0,0,0,0,3,3,0,0,0,0,0,0,0,0,0,0,0,0,0,0,0,0,0,0,0,3,0,294-271,2091,2011-04-17,52.0%
272,Andrei Cherkasov,Russian Federation,RUS,false,1970-07-04,6,6,0,0,3,0,0,0,3,0,0,0,0,0,0,0,0,0,0,0,0,0,0,0,0,0,0,0,0,2,0,193-214,2063,1991-06-10,47.4%
272,Bernd Karbacher,Germany,GER,false,1968-04-03,6,6,0,0,2,0,1,0,3,0,0,0,0,0,0,0,0,0,0,0,0,0,0,0,0,0,0,0,0,2,0,135-161,2007,1995-08-21,45.6%
272,Byron Black,Zimbabwe,ZIM,false,1969-10-06,6,6,0,0,2,0,0,0,4,0,0,0,0,0,0,0,0,0,0,0,0,0,0,0,0,0,0,0,0,2,0,276-248,2008,1998-07-06,52.7%
272,David Pate,United States,USA,false,1962-04-16,6,6,0,0,0,0,2,0,4,0,0,0,0,0,0,0,0,0,0,0,0,0,0,0,0,0,0,0,0,2,0,181-168,2023,1987-06-15,51.9%
272,Francois Jauffret,France,FRA,false,1942-02-09,6,6,0,0,3,0,1,0,2,0,0,0,0,0,0,0,0,0,0,0,0,0,0,0,0,0,0,0,0,2,0,212-140,2026,1976-06-14,60.2%
272,Juan Gisbert,Spain,ESP,false,1942-04-05,6,6,0,0,4,0,0,0,2,0,0,0,0,0,0,0,0,0,0,0,0,0,0,0,0,0,0,0,0,2,0,213-159,1985,1972-03-12,57.3%
272,Martin Verkerk,Netherlands,NED,false,1978-10-31,6,6,0,0,4,0,0,0,2,0,0,0,0,0,0,0,0,0,0,0,0,0,0,0,0,0,0,0,0,2,0,59-70,1980,2003-06-09,45.7%
272,Paul Mcnamee,Australia,AUS,false,1954-11-12,6,6,0,0,3,0,0,0,3,0,0,0,0,0,0,0,0,0,0,0,0,0,0,0,0,0,0,0,0,2,0,245-230,2032,1983-06-13,51.6%
272,Paul Haarhuis,Netherlands,NED,false,1966-02-19,6,6,0,0,1,0,2,0,3,0,0,0,0,0,0,0,0,0,0,0,0,0,0,0,0,0,0,0,0,1,0,267-258,2046,1994-04-01,50.9%
272,Vincent Spadea,United States,USA,false,1974-07-19,6,6,0,0,1,0,3,0,2,0,0,0,0,0,0,0,0,0,0,0,0,0,0,0,0,0,0,0,0,1,0,311-359,2034,1999-09-13,46.4%
303,Albert Portas,Spain,ESP,false,1973-11-15,5,5,0,0,0,0,4,0,1,0,0,0,0,0,0,0,0,0,0,0,0,0,0,0,0,0,1,0,1,1,0,142-198,1993,2001-05-21,41.8%
303,Guillermo Garcia Lopez,Spain,ESP,false,1983-06-04,5,5,0,0,0,0,0,0,5,0,0,0,0,0,0,0,0,0,0,0,0,0,0,0,0,0,0,0,0,5,0,297-354,2009,2010-10-17,45.6%
303,Christian Garin,Chile,CHI,true,1996-05-30,5,5,0,0,0,0,0,0,5,0,0,0,0,0,0,0,0,0,0,0,0,0,0,0,0,0,0,0,0,4,0,60-54,1972,2020-02-24,52.6%
303,Jiri Hrebec,Czech Republic,CZE,false,1950-09-19,5,5,0,0,0,0,0,0,4,1,0,0,0,0,0,0,0,0,0,0,0,0,0,0,0,0,0,0,0,4,0,185-178,2013,1974-04-14,51.0%
303,Steve Johnson,United States,USA,true,1989-12-24,5,5,0,0,0,0,0,0,5,0,0,0,0,0,0,0,0,0,0,0,0,0,0,0,0,0,0,0,0,4,0,169-169,2042,2017-06-12,50.0%
303,Thomaz Bellucci,Brazil,BRA,true,1987-12-30,5,5,0,0,0,0,1,0,4,0,0,0,0,0,0,0,0,0,0,0,0,0,0,0,0,0,0,0,0,4,0,200-217,1996,2010-07-26,48.0%
303,Andrea Gaudenzi,Italy,ITA,false,1973-07-30,5,5,0,0,0,0,1,0,4,0,0,0,0,0,0,0,0,0,0,0,0,0,0,0,0,0,0,0,0,3,0,219-231,2033,1995-05-15,48.7%
303,Andreas Seppi,Italy,ITA,true,1984-02-21,5,5,0,0,0,0,1,0,4,0,0,0,0,0,0,0,0,0,0,0,0,0,0,0,0,0,0,0,0,3,0,377-406,2030,2013-07-08,48.1%
303,Benoit Paire,France,FRA,true,1989-05-08,5,5,0,0,0,0,1,0,4,0,0,0,0,0,0,0,0,0,0,0,0,0,0,0,0,0,0,0,0,3,0,225-244,2003,2016-01-11,48.0%
303,Bohdan Ulihrach,Czech Republic,CZE,false,1975-02-23,5,5,0,0,0,0,2,0,3,0,0,0,0,0,0,0,0,0,0,0,0,0,0,0,0,0,0,0,0,3,0,230-246,2016,1998-11-02,48.3%
303,Kenneth Carlsen,Denmark,DEN,false,1973-04-17,5,5,0,0,0,0,0,0,5,0,0,0,0,0,0,0,0,0,0,0,0,0,0,0,0,0,0,0,0,3,0,267-288,1944,1995-10-16,48.1%
303,Marco Cecchinato,Italy,ITA,true,1992-09-30,5,5,0,0,2,0,0,0,3,0,0,0,0,0,0,0,0,0,0,0,0,0,0,0,0,0,0,0,0,3,0,48-88,1953,2018-07-23,35.3%
303,Ronald Agenor,United States,USA,false,1964-11-13,5,5,0,0,1,0,1,0,3,0,0,0,0,0,0,0,0,0,0,0,0,0,0,0,0,0,0,0,0,3,0,227-257,2017,1988-08-01,46.9%
303,Slava Dosedel,Czech Republic,CZE,false,1970-08-14,5,5,0,0,1,0,1,0,3,0,0,0,0,0,0,0,0,0,0,0,0,0,0,0,0,0,0,0,0,3,0,196-193,2009,1998-05-25,50.4%
303,Victor Amaya,United States,USA,false,1954-07-02,5,5,0,0,2,0,0,0,3,0,0,0,0,0,0,0,0,0,0,0,0,0,0,0,0,0,0,0,0,3,0,187-173,2108,1980-04-29,51.9%
303,Xavier Malisse,Belgium,BEL,false,1980-07-19,5,5,0,0,2,0,0,0,3,0,0,0,0,0,0,0,0,0,0,0,0,0,0,0,0,0,0,0,0,3,0,294-274,2035,2002-09-27,51.8%
303,Albert Ramos,Spain,ESP,true,1988-01-17,5,5,0,0,1,0,2,0,2,0,0,0,0,0,0,0,0,0,0,0,0,0,0,0,0,0,0,0,0,2,0,225-248,2014,2017-05-01,47.6%
303,Bob Giltinan,Australia,AUS,false,1949-04-07,5,5,0,0,3,0,0,0,2,0,0,0,0,0,0,0,0,0,0,0,0,0,0,0,0,0,0,0,0,2,0,85-115,1864,1974-01-09,42.5%
303,Buster C Mottram,United Kingdom,GBR,false,1955-04-25,5,5,0,0,0,0,2,0,2,1,0,0,0,0,0,0,0,0,0,0,0,0,0,0,0,0,0,0,0,2,0,301-181,2068,1979-02-26,62.4%
303,Darren Cahill,Australia,AUS,false,1965-10-02,5,5,0,0,2,0,0,0,2,1,0,0,0,0,0,0,0,0,0,0,0,0,0,0,0,0,0,0,0,2,0,133-122,2050,1991-03-11,52.2%
303,Filip Dewulf,Belgium,BEL,false,1972-03-15,5,5,0,0,3,0,0,0,2,0,0,0,0,0,0,0,0,0,0,0,0,0,0,0,0,0,0,0,0,2,0,97-125,1968,1998-08-03,43.7%
303,Jarkko Nieminen,Finland,FIN,false,1981-07-23,5,5,0,0,3,0,0,0,2,0,0,0,0,0,0,0,0,0,0,0,0,0,0,0,0,0,0,0,0,2,0,408-348,2034,2006-07-28,54.0%
303,Leonardo Mayer,Argentina,ARG,true,1987-05-15,5,5,0,0,0,0,0,0,5,0,0,0,0,0,0,0,0,0,0,0,0,0,0,0,0,0,0,0,0,2,0,179-196,1999,2014-09-19,47.7%
303,Renzo Furlan,Italy,ITA,false,1970-05-17,5,3,0,2,1,0,0,0,2,0,0,0,0,0,0,0,0,0,0,0,0,2,0,0,0,0,0,0,0,2,0,223-240,2021,1996-07-29,48.2%
303,Georges Goven,France,FRA,false,1948-04-26,5,5,0,0,2,0,2,0,1,0,0,0,0,0,0,0,0,0,0,0,0,0,0,0,0,0,0,0,0,1,0,195-229,2005,1972-02-13,46.0%
303,Pat Dupre,United States,USA,false,1954-09-16,5,5,0,0,3,0,1,0,1,0,0,0,0,0,0,0,0,0,0,0,0,0,0,0,0,0,0,0,0,1,0,182-198,2094,1979-09-11,47.9%
303,Raymond Moore,South Africa,RSA,false,1946-08-24,5,5,0,0,2,0,1,0,2,0,0,0,0,0,0,0,0,0,0,0,0,0,0,0,0,0,0,0,0,1,0,341-381,1995,1977-09-14,47.2%
303,Tom Gullikson,United States,USA,false,1951-09-08,5,5,0,0,1,0,2,0,2,0,0,0,0,0,0,0,0,0,0,0,0,0,0,0,0,0,0,0,0,1,0,219-225,1965,1978-11-13,49.3%
303,Frank Froehling,United States,USA,false,1942-05-19,5,5,0,0,3,0,1,0,0,1,0,0,0,0,0,0,0,0,0,0,0,0,0,0,0,0,0,0,0,0,0,80-112,1968,1971-10-15,41.7%
332,Roberto Carretero,Spain,ESP,false,1975-08-30,4,4,0,0,0,0,4,0,0,0,0,0,0,0,0,0,0,0,0,0,0,0,0,0,0,0,1,0,1,1,0,23-45,1913,1996-05-13,33.8%
332,Gerald Battrick,United Kingdom,GBR,false,1947-05-27,4,4,0,0,0,0,0,0,4,0,0,0,0,0,0,0,0,0,0,0,0,0,0,0,0,0,0,0,0,4,0,171-199,1984,1972-02-27,46.2%
332,Horacio De La Pena,Argentina,ARG,false,1966-08-01,4,4,0,0,0,0,0,0,4,0,0,0,0,0,0,0,0,0,0,0,0,0,0,0,0,0,0,0,0,4,0,190-180,1981,1986-08-25,51.4%
332,Marty Davis,United States,USA,false,1958-11-15,4,4,0,0,0,0,0,0,4,0,0,0,0,0,0,0,0,0,0,0,0,0,0,0,0,0,0,0,0,4,0,157-173,1959,1986-02-24,47.6%
332,Nicolas Mahut,France,FRA,true,1982-01-21,4,4,0,0,0,0,0,0,4,0,0,0,0,0,0,0,0,0,0,0,0,0,0,0,0,0,0,0,0,4,0,181-225,1970,2013-09-23,44.6%
332,Sergiy Stakhovsky,Ukraine,UKR,true,1986-01-06,4,4,0,0,0,0,0,0,4,0,0,0,0,0,0,0,0,0,0,0,0,0,0,0,0,0,0,0,0,4,0,172-213,1947,2010-08-29,44.7%
332,Fernando Vicente,Spain,ESP,false,1977-03-08,4,4,0,0,0,0,0,0,4,0,0,0,0,0,0,0,0,0,0,0,0,0,0,0,0,0,0,0,0,3,0,157-213,1932,1999-08-02,42.4%
332,Franco Davin,Argentina,ARG,false,1970-01-11,4,4,0,0,1,0,0,0,3,0,0,0,0,0,0,0,0,0,0,0,0,0,0,0,0,0,0,0,0,3,0,153-155,1999,1990-10-08,49.7%
332,Jurgen Fassbender,Germany,GER,false,1948-05-28,4,4,0,0,1,0,0,0,3,0,0,0,0,0,0,0,0,0,0,0,0,0,0,0,0,0,0,0,0,3,0,182-166,2000,1973-07-09,52.3%
332,Kelly Evernden,New Zealand,NZL,false,1961-09-21,4,4,0,0,1,0,0,0,3,0,0,0,0,0,0,0,0,0,0,0,0,0,0,0,0,0,0,0,0,3,0,136-147,2001,1987-10-12,48.1%
332,Nicklas Kulti,Sweden,SWE,false,1971-04-22,4,4,0,0,1,0,0,0,3,0,0,0,0,0,0,0,0,0,0,0,0,0,0,0,0,0,0,0,0,3,0,154-182,1970,1991-01-07,45.8%
332,Peter Feigl,Austria,AUT,false,1951-11-30,4,4,0,0,1,0,0,0,3,0,0,0,0,0,0,0,0,0,0,0,0,0,0,0,0,0,0,0,0,3,0,120-126,1959,1979-06-22,48.8%
332,Stefan Koubek,Austria,AUT,false,1977-01-02,4,4,0,0,1,0,0,0,3,0,0,0,0,0,0,0,0,0,0,0,0,0,0,0,0,0,0,0,0,3,0,215-253,1970,2000-03-06,45.9%
332,Dan Goldie,United States,USA,false,1963-10-03,4,4,0,0,1,0,1,0,2,0,0,0,0,0,0,0,0,0,0,0,0,0,0,0,0,0,0,0,0,2,0,122-117,2004,1988-04-25,51.0%
332,Davide Sanguinetti,Italy,ITA,false,1972-08-25,4,4,0,0,1,0,0,0,3,0,0,0,0,0,0,0,0,0,0,0,0,0,0,0,0,0,0,0,0,2,0,170-244,1938,2002-03-29,41.1%
332,Federico Delbonis,Argentina,ARG,true,1990-10-05,4,4,0,0,0,0,0,0,3,1,0,0,0,0,0,0,0,0,0,0,0,0,0,0,0,0,0,0,0,2,0,132-156,1953,2016-04-11,45.8%
332,Gilles Muller,Luxembourg,LUX,false,1983-05-09,4,4,0,0,2,0,0,0,2,0,0,0,0,0,0,0,0,0,0,0,0,0,0,0,0,0,0,0,0,2,0,232-213,2098,2017-07-17,52.1%
332,Karim Alami,Morocco,MAR,false,1973-05-24,4,4,0,0,0,0,1,0,3,0,0,0,0,0,0,0,0,0,0,0,0,0,0,0,0,0,0,0,0,2,0,163-187,1969,2000-02-14,46.6%
332,Kyle Edmund,United Kingdom,GBR,true,1995-01-08,4,4,0,0,2,0,0,0,2,0,0,0,0,0,0,0,0,0,0,0,0,0,0,0,0,0,0,0,0,2,0,116-115,2038,2018-10-22,50.2%
332,Mark Dickson,United States,USA,false,1959-12-08,4,4,0,0,1,0,0,0,3,0,0,0,0,0,0,0,0,0,0,0,0,0,0,0,0,0,0,0,0,2,0,128-119,1975,1984-11-26,51.8%
332,Barry Phillips Moore,Australia,AUS,false,1937-07-09,4,4,0,0,3,0,0,0,1,0,0,0,0,0,0,0,0,0,0,0,0,0,0,0,0,0,0,0,0,1,0,200-223,1932,1972-07-29,47.3%
332,Derrick Rostagno,United States,USA,false,1965-10-25,4,4,0,0,1,0,0,0,3,0,0,0,0,0,0,0,0,0,0,0,0,0,0,0,0,0,0,0,0,1,0,191-184,2070,1991-10-14,50.9%
332,Jan Gunnarsson,Sweden,SWE,false,1962-05-30,4,4,0,0,2,0,1,0,1,0,0,0,0,0,0,0,0,0,0,0,0,0,0,0,0,0,0,0,0,1,0,188-203,1979,1987-08-03,48.1%
332,Patrick McEnroe,United States,USA,false,1966-07-01,4,4,0,0,3,0,0,0,1,0,0,0,0,0,0,0,0,0,0,0,0,0,0,0,0,0,0,0,0,1,0,140-163,1994,1995-10-09,46.2%
332,Rod Frawley,Australia,AUS,false,1952-09-08,4,4,0,0,3,0,0,0,1,0,0,0,0,0,0,0,0,0,0,0,0,0,0,0,0,0,0,0,0,1,0,109-136,1951,1982-04-05,44.5%
332,Jerzy Janowicz,Poland,POL,false,1990-11-13,4,4,0,0,2,0,2,0,0,0,0,0,0,0,0,0,0,0,0,0,0,0,0,0,0,0,0,0,0,0,0,102-95,2027,2013-08-12,51.8%
332,John Marks,Australia,AUS,false,1952-12-09,4,4,0,0,4,0,0,0,0,0,0,0,0,0,0,0,0,0,0,0,0,0,0,0,0,0,0,0,0,0,0,28-81,1872,1979-01-09,25.7%
332,Julien Benneteau,France,FRA,false,1981-12-20,4,4,0,0,1,0,2,0,1,0,0,0,0,0,0,0,0,0,0,0,0,0,0,0,0,0,0,0,0,0,0,272-297,2027,2013-02-18,47.8%
332,Pierre Barthes,France,FRA,false,1941-09-13,4,4,0,0,0,3,1,0,0,0,0,0,0,0,0,0,0,0,0,0,0,0,0,0,0,0,0,0,0,0,0,182-184,2126,1968-02-23,49.7%
361,Alberto Martin,Spain,ESP,false,1978-08-20,3,3,0,0,0,0,0,0,3,0,0,0,0,0,0,0,0,0,0,0,0,0,0,0,0,0,0,0,0,3,0,218-269,1963,2001-05-21,44.8%
361,Damir Dzumhur,Bosnia and Herzegovina,BIH,true,1992-05-20,3,3,0,0,0,0,0,0,3,0,0,0,0,0,0,0,0,0,0,0,0,0,0,0,0,0,0,0,0,3,0,116-127,1994,2017-10-23,47.7%
361,David Prinosil,Germany,GER,false,1973-03-09,3,3,0,0,0,0,0,0,3,0,0,0,0,0,0,0,0,0,0,0,0,0,0,0,0,0,0,0,0,3,0,169-221,1963,2000-11-20,43.3%
361,Javier Frana,Argentina,ARG,false,1966-12-25,3,3,0,0,0,0,0,0,3,0,0,0,0,0,0,0,0,0,0,0,0,0,0,0,0,0,0,0,0,3,0,163-158,2037,1995-06-26,50.8%
361,Joao Sousa,Portugal,POR,true,1989-03-30,3,3,0,0,0,0,0,0,3,0,0,0,0,0,0,0,0,0,0,0,0,0,0,0,0,0,0,0,0,3,0,195-225,1974,2016-02-01,46.4%
361,Mario Martinez,"Bolivia, Plurinational State of",BOL,false,1961-09-12,3,3,0,0,0,0,0,0,3,0,0,0,0,0,0,0,0,0,0,0,0,0,0,0,0,0,0,0,0,3,0,90-79,1950,1981-08-04,53.3%
361,Mike Bauer,United States,USA,false,1959-06-29,3,3,0,0,0,0,0,0,3,0,0,0,0,0,0,0,0,0,0,0,0,0,0,0,0,0,0,0,0,3,0,75-91,1935,1984-04-16,45.2%
361,Paolo Cane,Italy,ITA,false,1965-04-09,3,3,0,0,0,0,0,0,3,0,0,0,0,0,0,0,0,0,0,0,0,0,0,0,0,0,0,0,0,3,0,136-131,2009,1989-08-07,50.9%
361,Pedro Rebolledo,Chile,CHI,false,1960-12-17,3,3,0,0,0,0,0,0,3,0,0,0,0,0,0,0,0,0,0,0,0,0,0,0,0,0,0,0,0,3,0,111-114,1946,1982-02-01,49.3%
361,Robert Maud,South Africa,RSA,false,1946-08-12,3,3,0,0,0,0,0,0,3,0,0,0,0,0,0,0,0,0,0,0,0,0,0,0,0,0,0,0,0,3,0,101-126,1921,1971-06-14,44.5%
361,Van Winitsky,United States,USA,false,1959-03-12,3,3,0,0,0,0,0,0,3,0,0,0,0,0,0,0,0,0,0,0,0,0,0,0,0,0,0,0,0,3,0,106-134,1986,1982-05-04,44.2%
361,Victor Estrella,Dominican Republic,DOM,false,1980-08-02,3,3,0,0,0,0,0,0,3,0,0,0,0,0,0,0,0,0,0,0,0,0,0,0,0,0,0,0,0,3,0,80-79,1902,2015-05-04,50.3%
361,Brad Drewett,Australia,AUS,false,1958-07-19,3,3,0,0,1,0,0,0,2,0,0,0,0,0,0,0,0,0,0,0,0,0,0,0,0,0,0,0,0,2,0,179-225,1905,1984-05-13,44.3%
361,Christo Van Rensburg,South Africa,RSA,false,1962-10-23,3,3,0,0,0,0,0,0,3,0,0,0,0,0,0,0,0,0,0,0,0,0,0,0,0,0,0,0,0,2,0,166-160,2017,1989-07-10,50.9%
361,Filippo Volandri,Italy,ITA,false,1981-09-05,3,3,0,0,0,0,1,0,2,0,0,0,0,0,0,0,0,0,0,0,0,0,0,0,0,0,0,0,0,2,0,178-224,1986,2007-06-11,44.3%
361,Frew Mcmillan,South Africa,RSA,false,1942-05-20,3,3,0,0,1,0,0,0,2,0,0,0,0,0,0,0,0,0,0,0,0,0,0,0,0,0,0,0,0,2,0,177-240,1932,1978-07-10,42.4%
361,Geoff Masters,Australia,AUS,false,1950-09-19,3,3,0,0,1,0,0,0,2,0,0,0,0,0,0,0,0,0,0,0,0,0,0,0,0,0,0,0,0,2,0,233-253,1997,1975-10-26,47.9%
361,Han Jurgen Pohmann,Germany,GER,false,1947-05-23,3,3,0,0,1,0,0,0,2,0,0,0,0,0,0,0,0,0,0,0,0,0,0,0,0,0,0,0,0,2,0,122-123,1943,1976-10-11,49.8%
361,Jannik Sinner,Italy,ITA,true,2001-08-16,3,3,0,0,1,0,0,0,2,0,0,0,0,0,0,0,0,0,0,0,0,0,0,0,0,0,0,0,0,2,0,31-22,2021,2021-02-08,58.5%
361,Jerome Golmard,France,FRA,false,1973-09-09,3,3,0,0,0,0,1,0,2,0,0,0,0,0,0,0,0,0,0,0,0,0,0,0,0,0,0,0,0,2,0,144-143,2039,1999-04-26,50.2%
361,Jim Grabb,United States,USA,false,1964-04-14,3,3,0,0,0,0,0,0,3,0,0,0,0,0,0,0,0,0,0,0,0,0,0,0,0,0,0,0,0,2,0,179-199,1958,1992-11-09,47.4%
361,Laslo Djere,Serbia,SRB,true,1995-06-02,3,3,0,0,0,0,0,0,3,0,0,0,0,0,0,0,0,0,0,0,0,0,0,0,0,0,0,0,0,2,0,54-60,1913,2019-06-10,47.4%
361,Marc Kevin Goellner,Germany,GER,false,1970-09-22,3,3,0,0,0,0,0,0,2,1,0,0,0,0,0,0,0,0,0,0,0,0,0,0,0,0,0,0,0,2,0,160-194,2014,1993-10-01,45.2%
361,Mike Belkin,Canada,CAN,false,1945-06-29,3,3,0,0,1,0,0,0,2,0,0,0,0,0,0,0,0,0,0,0,0,0,0,0,0,0,0,0,0,2,0,75-53,1936,1971-07-31,58.6%
361,Omar Camporese,Italy,ITA,false,1968-05-08,3,3,0,0,0,0,0,0,3,0,0,0,0,0,0,0,0,0,0,0,0,0,0,0,0,0,0,0,0,2,0,150-157,2075,1992-02-24,48.9%
361,Pavel Slozil,Czech Republic,CZE,false,1955-12-29,3,3,0,0,0,0,0,0,3,0,0,0,0,0,0,0,0,0,0,0,0,0,0,0,0,0,0,0,0,2,0,146-162,1930,1981-03-23,47.4%
361,Robert Vant Hof,United States,USA,false,1959-04-10,3,3,0,0,0,0,1,0,2,0,0,0,0,0,0,0,0,0,0,0,0,0,0,0,0,0,0,0,0,2,0,83-105,1984,1983-08-22,44.1%
361,Robin Haase,Netherlands,NED,true,1987-04-06,3,3,0,0,0,0,1,0,2,0,0,0,0,0,0,0,0,0,0,0,0,0,0,0,0,0,0,0,0,2,0,229-270,1946,2011-09-12,45.9%
361,Sammy Giammalva Jr,United States,USA,false,1963-03-24,3,3,0,0,1,0,0,0,2,0,0,0,0,0,0,0,0,0,0,0,0,0,0,0,0,0,0,0,0,2,0,161-164,1966,1985-04-01,49.5%
361,Shlomo Glickstein,Israel,ISR,false,1958-01-06,3,3,0,0,1,0,0,0,2,0,0,0,0,0,0,0,0,0,0,0,0,0,0,0,0,0,0,0,0,2,0,189-160,1995,1981-11-30,54.2%
361,Steve Darcis,Belgium,BEL,false,1984-03-13,3,3,0,0,0,0,0,0,3,0,0,0,0,0,0,0,0,0,0,0,0,0,0,0,0,0,0,0,0,2,0,118-134,1950,2012-09-21,46.8%
361,Ulrich Pinner,Germany,GER,false,1954-02-07,3,3,0,0,0,0,1,0,2,0,0,0,0,0,0,0,0,0,0,0,0,0,0,0,0,0,0,0,0,2,0,151-130,2031,1979-07-23,53.7%
361,Vladimir Zednik,Czech Republic,CZE,false,1947-02-01,3,3,0,0,1,0,0,0,2,0,0,0,0,0,0,0,0,0,0,0,0,0,0,0,0,0,0,0,0,2,0,113-151,1907,1978-07-02,42.8%
361,Andreas Vinciguerra,Sweden,SWE,false,1981-02-19,3,3,0,0,0,0,2,0,1,0,0,0,0,0,0,0,0,0,0,0,0,0,0,0,0,0,0,0,0,1,0,87-103,1984,2001-02-26,45.8%
361,Antonio Zugarelli,Italy,ITA,false,1950-01-17,3,3,0,0,0,0,2,0,1,0,0,0,0,0,0,0,0,0,0,0,0,0,0,0,0,0,0,0,0,1,0,115-155,1940,1977-07-10,42.6%
361,Bob Carmichael,Australia,AUS,false,1940-07-04,3,3,0,0,2,0,0,0,1,0,0,0,0,0,0,0,0,0,0,0,0,0,0,0,0,0,0,0,0,1,0,211-255,2002,1971-03-21,45.3%
361,Carlos Kirmayr,Brazil,BRA,false,1950-09-23,3,3,0,0,0,0,2,0,1,0,0,0,0,0,0,0,0,0,0,0,0,0,0,0,0,0,0,0,0,1,0,152-171,2010,1981-10-26,47.1%
361,Dusan Lajovic,Serbia,SRB,true,1990-06-30,3,3,0,0,0,0,2,0,1,0,0,0,0,0,0,0,0,0,0,0,0,0,0,0,0,0,0,0,0,1,0,138-171,1962,2019-04-22,44.7%
361,Galo Blanco,Spain,ESP,false,1976-10-08,3,3,0,0,1,0,0,0,2,0,0,0,0,0,0,0,0,0,0,0,0,0,0,0,0,0,0,0,0,1,0,122-175,1929,2001-07-30,41.1%
361,Gilbert Schaller,Austria,AUT,false,1969-03-17,3,1,0,2,0,0,0,0,1,0,0,0,0,0,0,0,0,0,0,0,0,0,2,0,0,0,0,0,0,1,0,115-132,1982,1995-10-09,46.6%
361,Guido Pella,Argentina,ARG,true,1990-05-17,3,3,0,0,1,0,0,0,2,0,0,0,0,0,0,0,0,0,0,0,0,0,0,0,0,0,0,0,0,1,0,112-122,2009,2019-08-12,47.9%
361,Ismail El Shafei,Egypt,EGY,false,1947-11-15,3,3,0,0,1,0,1,0,1,0,0,0,0,0,0,0,0,0,0,0,0,0,0,0,0,0,0,0,0,1,0,244-294,2013,1974-07-08,45.4%
361,Jeremy Chardy,France,FRA,true,1987-02-12,3,3,0,0,1,0,1,0,1,0,0,0,0,0,0,0,0,0,0,0,0,0,0,0,0,0,0,0,0,1,0,286-289,2016,2015-09-14,49.7%
361,John Cooper,Australia,AUS,false,1946-11-04,3,3,0,0,2,0,0,0,1,0,0,0,0,0,0,0,0,0,0,0,0,0,0,0,0,0,0,0,0,1,0,73-74,1916,1972-09-13,49.7%
361,John Millman,Australia,AUS,true,1989-06-14,3,3,0,0,1,0,0,0,2,0,0,0,0,0,0,0,0,0,0,0,0,0,0,0,0,0,0,0,0,1,0,88-107,1954,2018-09-10,45.1%
361,Mikael Tillstrom,Sweden,SWE,false,1972-03-05,3,3,0,0,1,0,0,0,2,0,0,0,0,0,0,0,0,0,0,0,0,0,0,0,0,0,0,0,0,1,0,112-113,1985,1997-04-14,49.8%
361,Tennys Sandgren,United States,USA,true,1991-07-22,3,3,0,0,2,0,0,0,1,0,0,0,0,0,0,0,0,0,0,0,0,0,0,0,0,0,0,0,0,1,0,40-58,1940,2020-08-31,40.8%
361,Ben Testerman,United States,USA,false,1962-02-02,3,3,0,0,2,0,1,0,0,0,0,0,0,0,0,0,0,0,0,0,0,0,0,0,0,0,0,0,0,0,0,87-102,1947,1984-12-17,46.0%
361,Christian Bergstrom,Sweden,SWE,false,1967-07-19,3,3,0,0,3,0,0,0,0,0,0,0,0,0,0,0,0,0,0,0,0,0,0,0,0,0,0,0,0,0,0,161-162,2018,1993-02-01,49.8%
361,Felix Auger Aliassime,Canada,CAN,true,2000-08-08,3,3,0,0,0,0,1,0,2,0,0,0,0,0,0,0,0,0,0,0,0,0,0,0,0,0,0,0,0,0,0,69-55,1995,2020-09-14,55.6%
361,Michiel Schapers,Netherlands,NED,false,1959-10-11,3,3,0,0,2,0,1,0,0,0,0,0,0,0,0,0,0,0,0,0,0,0,0,0,0,0,0,0,0,0,0,166-187,1970,1988-02-29,47.0%
361,Vasek Pospisil,Canada,CAN,true,1990-06-23,3,3,0,0,1,0,1,0,1,0,0,0,0,0,0,0,0,0,0,0,0,0,0,0,0,0,0,0,0,0,0,121-153,1987,2020-11-16,44.2%
413,Andrei Olhovskiy,Russian Federation,RUS,false,1966-04-15,2,2,0,0,0,0,0,0,2,0,0,0,0,0,0,0,0,0,0,0,0,0,0,0,0,0,0,0,0,2,0,117-165,1921,1993-03-08,41.5%
413,Andrew Ilie,Australia,AUS,false,1976-04-18,2,2,0,0,0,0,0,0,2,0,0,0,0,0,0,0,0,0,0,0,0,0,0,0,0,0,0,0,0,2,0,89-116,1926,2000-06-12,43.4%
413,Angel Gimenez,Spain,ESP,false,1955-10-10,2,2,0,0,0,0,0,0,2,0,0,0,0,0,0,0,0,0,0,0,0,0,0,0,0,0,0,0,0,2,0,86-108,1912,1981-05-25,44.3%
413,Bernard Mitton,South Africa,RSA,false,1954-11-09,2,2,0,0,0,0,0,0,2,0,0,0,0,0,0,0,0,0,0,0,0,0,0,0,0,0,0,0,0,2,0,206-226,1962,1977-03-28,47.7%
413,Bryan Shelton,United States,USA,false,1965-12-22,2,2,0,0,0,0,0,0,2,0,0,0,0,0,0,0,0,0,0,0,0,0,0,0,0,0,0,0,0,2,0,104-137,1913,1992-07-13,43.2%
413,Carlos Berlocq,Argentina,ARG,false,1983-02-03,2,2,0,0,0,0,0,0,2,0,0,0,0,0,0,0,0,0,0,0,0,0,0,0,0,0,0,0,0,2,0,134-193,1966,2014-06-09,41.0%
413,Christian Kuhnke,Germany,GER,false,1939-04-13,2,2,0,0,0,0,0,0,2,0,0,0,0,0,0,0,0,0,0,0,0,0,0,0,0,0,0,0,0,2,0,63-33,1977,1971-05-31,65.6%
413,Christian Saceanu,Germany,GER,false,1968-07-08,2,2,0,0,0,0,0,0,2,0,0,0,0,0,0,0,0,0,0,0,0,0,0,0,0,0,0,0,0,2,0,71-110,1887,1988-06-20,39.2%
413,David Sanchez,Spain,ESP,false,1978-04-20,2,2,0,0,0,0,0,0,2,0,0,0,0,0,0,0,0,0,0,0,0,0,0,0,0,0,0,0,0,2,0,86-118,1908,2004-05-24,42.2%
413,Denis Istomin,Uzbekistan,UZB,false,1986-09-07,2,2,0,0,0,0,0,0,2,0,0,0,0,0,0,0,0,0,0,0,0,0,0,0,0,0,0,0,0,2,0,229-261,1987,2014-07-07,46.7%
413,Erik Van Dillen,United States,USA,false,1951-02-21,2,2,0,0,0,0,0,0,2,0,0,0,0,0,0,0,0,0,0,0,0,0,0,0,0,0,0,0,0,2,0,178-233,1976,1973-08-27,43.3%
413,Florent Serra,France,FRA,false,1981-02-28,2,2,0,0,0,0,0,0,2,0,0,0,0,0,0,0,0,0,0,0,0,0,0,0,0,0,0,0,0,2,0,123-170,1942,2010-06-07,42.0%
413,Francesco Cancellotti,Italy,ITA,false,1963-02-27,2,2,0,0,0,0,0,0,2,0,0,0,0,0,0,0,0,0,0,0,0,0,0,0,0,0,0,0,0,2,0,114-118,1976,1984-09-24,49.1%
413,Haroon Rahim,Pakistan,PAK,false,1949-11-12,2,2,0,0,0,0,0,0,2,0,0,0,0,0,0,0,0,0,0,0,0,0,0,0,0,0,0,0,0,2,0,142-170,1974,1976-03-08,45.5%
413,Hubert Hurkacz,Poland,POL,true,1997-02-11,2,2,0,0,0,0,0,0,2,0,0,0,0,0,0,0,0,0,0,0,0,0,0,0,0,0,0,0,0,2,0,54-55,1983,2020-01-20,49.5%
413,Jaime Oncins,Brazil,BRA,false,1970-06-16,2,2,0,0,0,0,0,0,2,0,0,0,0,0,0,0,0,0,0,0,0,0,0,0,0,0,0,0,0,2,0,76-95,1967,1992-11-16,44.4%
413,Jan Kroslak,Slovakia,SVK,false,1974-10-17,2,2,0,0,0,0,0,0,2,0,0,0,0,0,0,0,0,0,0,0,0,0,0,0,0,0,0,0,0,2,0,76-96,1934,1997-03-24,44.2%
413,Jeff Tarango,United States,USA,false,1968-11-20,2,2,0,0,0,0,0,0,2,0,0,0,0,0,0,0,0,0,0,0,0,0,0,0,0,0,0,0,0,2,0,239-294,1954,1998-03-27,44.8%
413,Jiri Vesely,Czech Republic,CZE,true,1993-07-10,2,2,0,0,0,0,0,0,2,0,0,0,0,0,0,0,0,0,0,0,0,0,0,0,0,0,0,0,0,2,0,127-141,1952,2017-06-12,47.4%
413,Jonathan Stark,United States,USA,false,1971-04-03,2,2,0,0,0,0,0,0,2,0,0,0,0,0,0,0,0,0,0,0,0,0,0,0,0,0,0,0,0,2,0,136-151,1974,1994-03-07,47.4%
413,Julian Alonso,Spain,ESP,false,1977-08-02,2,2,0,0,0,0,0,0,2,0,0,0,0,0,0,0,0,0,0,0,0,0,0,0,0,0,0,0,0,2,0,52-64,1903,1997-11-10,44.8%
413,Kelly Jones,United States,USA,false,1964-03-31,2,2,0,0,0,0,0,0,2,0,0,0,0,0,0,0,0,0,0,0,0,0,0,0,0,0,0,0,0,2,0,48-84,1836,1990-05-07,36.4%
413,Luis Horna,Peru,PER,false,1980-09-14,2,2,0,0,0,0,0,0,2,0,0,0,0,0,0,0,0,0,0,0,0,0,0,0,0,0,0,0,0,2,0,141-146,1958,2004-10-25,49.1%
413,Lukas Rosol,Czech Republic,CZE,false,1985-07-24,2,2,0,0,0,0,0,0,2,0,0,0,0,0,0,0,0,0,0,0,0,0,0,0,0,0,0,0,0,2,0,123-158,1982,2014-08-24,43.8%
413,Marian Vajda,Slovakia,SVK,false,1965-03-24,2,2,0,0,0,0,0,0,2,0,0,0,0,0,0,0,0,0,0,0,0,0,0,0,0,0,0,0,0,2,0,119-152,1944,1987-08-17,43.9%
413,Martin Sinner,Germany,GER,false,1968-02-07,2,2,0,0,0,0,0,0,2,0,0,0,0,0,0,0,0,0,0,0,0,0,0,0,0,0,0,0,0,2,0,50-78,1863,1995-05-08,39.1%
413,Mike Estep,United States,USA,false,1949-07-19,2,2,0,0,0,0,0,0,2,0,0,0,0,0,0,0,0,0,0,0,0,0,0,0,0,0,0,0,0,2,0,112-178,1887,1976-06-21,38.6%
413,Milan Holecek,Czech Republic,CZE,false,1943-10-23,2,2,0,0,0,0,0,0,2,0,0,0,0,0,0,0,0,0,0,0,0,0,0,0,0,0,0,0,0,2,0,114-157,1858,1974-04-06,42.1%
413,Nicolas Pereira,"Venezuela, Bolivarian Republic of",VEN,false,1970-09-29,2,2,0,0,0,0,0,0,2,0,0,0,0,0,0,0,0,0,0,0,0,0,0,0,0,0,0,0,0,2,0,84-130,1868,1996-01-08,39.3%
413,Olivier Rochus,Belgium,BEL,false,1981-01-18,2,2,0,0,0,0,0,0,2,0,0,0,0,0,0,0,0,0,0,0,0,0,0,0,0,0,0,0,0,2,0,238-276,2035,2006-05-08,46.3%
413,Patrick Baur,Germany,GER,false,1965-05-03,2,2,0,0,0,0,0,0,2,0,0,0,0,0,0,0,0,0,0,0,0,0,0,0,0,0,0,0,0,2,0,67-107,1892,1991-04-22,38.5%
413,Rajeev Ram,United States,USA,false,1984-03-18,2,2,0,0,0,0,0,0,2,0,0,0,0,0,0,0,0,0,0,0,0,0,0,0,0,0,0,0,0,2,0,57-93,1849,2016-04-04,38.0%
413,Reilly Opelka,United States,USA,true,1997-08-28,2,2,0,0,0,0,0,0,2,0,0,0,0,0,0,0,0,0,0,0,0,0,0,0,0,0,0,0,0,2,0,49-49,1976,2020-08-31,50.0%
413,Sherwood Stewart,United States,USA,false,1946-06-06,2,2,0,0,0,0,0,0,2,0,0,0,0,0,0,0,0,0,0,0,0,0,0,0,0,0,0,0,0,2,0,168-234,1907,1975-08-25,41.8%
413,Simon Youl,Australia,AUS,false,1965-07-01,2,2,0,0,0,0,0,0,2,0,0,0,0,0,0,0,0,0,0,0,0,0,0,0,0,0,0,0,0,2,0,93-139,1891,1990-01-29,40.1%
413,Stefano Pescosolido,Italy,ITA,false,1971-06-13,2,2,0,0,0,0,0,0,2,0,0,0,0,0,0,0,0,0,0,0,0,0,0,0,0,0,0,0,0,2,0,109-159,1940,1994-01-10,40.7%
413,Terry Moor,United States,USA,false,1952-04-23,2,2,0,0,0,0,0,0,2,0,0,0,0,0,0,0,0,0,0,0,0,0,0,0,0,0,0,0,0,2,0,239-228,2035,1981-03-02,51.2%
413,Tomas Carbonell,Spain,ESP,false,1968-08-07,2,2,0,0,0,0,0,0,2,0,0,0,0,0,0,0,0,0,0,0,0,0,0,0,0,0,0,0,0,2,0,194-223,1947,1996-04-15,46.5%
413,Tom Edlefsen,United States,USA,false,1941-12-12,2,2,0,0,0,0,0,0,2,0,0,0,0,0,0,0,0,0,0,0,0,0,0,0,0,0,0,0,0,2,0,95-136,1889,1972-09-25,41.1%
413,Ugo Humbert,France,FRA,true,1998-06-26,2,2,0,0,0,0,0,0,2,0,0,0,0,0,0,0,0,0,0,0,0,0,0,0,0,0,0,0,0,2,0,44-40,2002,2020-11-09,52.4%
413,Yahiya Doumbia,Senegal,SEN,false,1963-08-25,2,2,0,0,0,0,0,0,2,0,0,0,0,0,0,0,0,0,0,0,0,0,0,0,0,0,0,0,0,2,0,43-38,1864,1988-08-22,53.1%
413,Adrian Mannarino,France,FRA,true,1988-06-29,2,2,0,0,0,0,0,0,2,0,0,0,0,0,0,0,0,0,0,0,0,0,0,0,0,0,0,0,0,1,0,207-241,2004,2018-01-29,46.2%
413,Adrian Voinea,Romania,ROU,false,1974-08-06,2,2,0,0,1,0,0,0,1,0,0,0,0,0,0,0,0,0,0,0,0,0,0,0,0,0,0,0,0,1,0,136-176,1935,2002-05-20,43.6%
413,Alex Obrien,United States,USA,false,1970-03-07,2,2,0,0,0,0,0,0,2,0,0,0,0,0,0,0,0,0,0,0,0,0,0,0,0,0,0,0,0,1,0,93-136,1963,1997-01-13,40.6%
413,Andreas Maurer,Germany,GER,false,1958-03-08,2,2,0,0,0,0,0,0,2,0,0,0,0,0,0,0,0,0,0,0,0,0,0,0,0,0,0,0,0,1,0,115-142,1960,1985-07-15,44.7%
413,Andrey Golubev,Kazakhstan,KAZ,false,1987-07-22,2,2,0,0,0,0,0,0,2,0,0,0,0,0,0,0,0,0,0,0,0,0,0,0,0,0,0,0,0,1,0,67-117,1930,2010-10-04,36.4%
413,Arnaud Di Pasquale,France,FRA,false,1979-02-11,2,2,0,0,0,0,0,1,1,0,0,0,0,0,0,0,0,0,0,0,0,0,0,0,0,0,0,0,0,1,0,69-98,1932,1999-10-11,41.3%
413,Billy Martin,United States,USA,false,1956-12-25,2,2,0,0,1,0,0,0,1,0,0,0,0,0,0,0,0,0,0,0,0,0,0,0,0,0,0,0,0,1,0,145-175,1957,1977-08-30,45.3%
413,Casper Ruud,Norway,NOR,true,1998-12-22,2,2,0,0,0,0,1,0,1,0,0,0,0,0,0,0,0,0,0,0,0,0,0,0,0,0,0,0,0,1,0,61-52,1995,2020-10-12,54.0%
413,Diego Perez,Uruguay,URU,false,1962-02-09,2,2,0,0,0,0,1,0,1,0,0,0,0,0,0,0,0,0,0,0,0,0,0,0,0,0,0,0,0,1,0,225-236,1963,1984-05-20,48.8%
413,Frances Tiafoe,United States,USA,true,1998-01-20,2,2,0,0,1,0,0,0,1,0,0,0,0,0,0,0,0,0,0,0,0,0,0,0,0,0,0,0,0,1,0,70-93,1962,2019-01-28,42.9%
413,Horacio Zeballos,Argentina,ARG,true,1985-04-27,2,2,0,0,0,0,0,0,1,1,0,0,0,0,0,0,0,0,0,0,0,0,0,0,0,0,0,0,0,1,0,91-133,1927,2017-06-12,40.6%
413,Istvan Gulyas,Hungary,HUN,false,1931-10-14,2,2,0,0,1,0,0,0,1,0,0,0,0,0,0,0,0,0,0,0,0,0,0,0,0,0,0,0,0,1,0,62-60,1983,1968-07-29,50.8%
413,Jonathan Canter,United States,USA,false,1965-06-04,2,2,0,0,0,0,1,0,1,0,0,0,0,0,0,0,0,0,0,0,0,0,0,0,0,0,0,0,0,1,0,68-96,1935,1986-09-22,41.5%
413,Larry Stefanki,United States,USA,false,1957-07-23,2,2,0,0,0,0,0,0,2,0,0,0,0,0,0,0,0,0,0,0,0,0,0,0,0,0,0,0,0,1,0,52-87,1895,1985-02-25,37.4%
413,Leander Paes,India,IND,false,1973-06-17,2,2,0,0,0,0,0,1,1,0,0,0,0,0,0,0,0,0,0,0,0,0,0,0,0,0,0,0,0,1,0,101-97,1927,1998-08-24,51.0%
413,Lorenzo Sonego,Italy,ITA,true,1995-05-11,2,2,0,0,0,0,0,0,2,0,0,0,0,0,0,0,0,0,0,0,0,0,0,0,0,0,0,0,0,1,0,40-48,1913,2020-11-09,45.5%
413,Marton Fucsovics,Hungary,HUN,true,1992-02-08,2,2,0,0,0,0,0,0,2,0,0,0,0,0,0,0,0,0,0,0,0,0,0,0,0,0,0,0,0,1,0,90-84,1985,2021-03-08,51.7%
413,Milan Srejber,Czech Republic,CZE,false,1963-12-30,2,2,0,0,1,0,0,0,1,0,0,0,0,0,0,0,0,0,0,0,0,0,0,0,0,0,0,0,0,1,0,128-129,1969,1988-08-29,49.8%
413,Mischa Zverev,Germany,GER,true,1987-08-22,2,2,0,0,1,0,0,0,1,0,0,0,0,0,0,0,0,0,0,0,0,0,0,0,0,0,0,0,0,1,0,133-198,1968,2017-01-30,40.2%
413,Ove Nils Bengtson,Sweden,SWE,false,1945-04-05,2,2,0,0,0,0,1,0,1,0,0,0,0,0,0,0,0,0,0,0,0,0,0,0,0,0,0,0,0,1,0,132-180,1885,1974-04-07,42.3%
413,Pablo Arraya,Peru,PER,false,1961-10-21,2,2,0,0,0,0,1,0,1,0,0,0,0,0,0,0,0,0,0,0,0,0,0,0,0,0,0,0,0,1,0,179-180,1961,1983-11-28,49.9%
413,Philipp Petzschner,Germany,GER,false,1984-03-24,2,2,0,0,0,0,0,0,2,0,0,0,0,0,0,0,0,0,0,0,0,0,0,0,0,0,0,0,0,1,0,88-107,1976,2011-07-15,45.1%
413,Scott Draper,Australia,AUS,false,1974-06-05,2,2,0,0,0,0,0,0,2,0,0,0,0,0,0,0,0,0,0,0,0,0,0,0,0,0,0,0,0,1,0,107-129,1996,1999-01-11,45.3%
413,Sergio Casal,Spain,ESP,false,1962-09-08,2,2,0,0,0,0,0,0,2,0,0,0,0,0,0,0,0,0,0,0,0,0,0,0,0,0,0,0,0,1,0,125-148,1971,1987-03-20,45.8%
413,Shuzo Matsuoka,Japan,JPN,false,1967-11-06,2,2,0,0,1,0,0,0,1,0,0,0,0,0,0,0,0,0,0,0,0,0,0,0,0,0,0,0,0,1,0,148-164,1966,1992-06-15,47.4%
413,Taylor Harry Fritz,United States,USA,true,1997-10-28,2,2,0,0,0,0,0,0,2,0,0,0,0,0,0,0,0,0,0,0,0,0,0,0,0,0,0,0,0,1,0,98-100,1999,2019-08-05,49.5%
413,Thomas Hogstedt,Sweden,SWE,false,1963-09-21,2,2,0,0,0,0,1,0,1,0,0,0,0,0,0,0,0,0,0,0,0,0,0,0,0,0,0,0,0,1,0,89-152,1897,1984-04-16,36.9%
413,Ulf Stenlund,Sweden,SWE,false,1967-01-21,2,2,0,0,0,0,1,0,1,0,0,0,0,0,0,0,0,0,0,0,0,0,0,0,0,0,0,0,0,1,0,52-44,2003,1987-04-27,54.2%
413,Victor Hanescu,Romania,ROU,false,1981-07-21,2,2,0,0,1,0,0,0,1,0,0,0,0,0,0,0,0,0,0,0,0,0,0,0,0,0,0,0,0,1,0,201-244,1958,2010-06-07,45.2%
413,Vincent Van Patten,United States,USA,false,1957-10-17,2,2,0,0,0,0,0,0,2,0,0,0,0,0,0,0,0,0,0,0,0,0,0,0,0,0,0,0,0,1,0,109-117,1984,1981-11-02,48.2%
413,Wesley Moodie,South Africa,RSA,false,1979-02-14,2,2,0,0,0,0,0,0,2,0,0,0,0,0,0,0,0,0,0,0,0,0,0,0,0,0,0,0,0,1,0,58-70,1920,2005-10-10,45.3%
413,Wilhelm Bungert,Germany,GER,false,1939-04-01,2,2,0,0,0,0,1,0,1,0,0,0,0,0,0,0,0,0,0,0,0,0,0,0,0,0,0,0,0,1,0,65-33,2052,1968-07-26,66.3%
413,Alexander Popp,Germany,GER,false,1976-11-04,2,2,0,0,2,0,0,0,0,0,0,0,0,0,0,0,0,0,0,0,0,0,0,0,0,0,0,0,0,0,0,45-65,1883,2003-07-07,40.9%
413,Allan Stone,Australia,AUS,false,1945-10-14,2,2,0,0,2,0,0,0,0,0,0,0,0,0,0,0,0,0,0,0,0,0,0,0,0,0,0,0,0,0,0,225-237,1992,1975-10-12,48.7%
413,Aslan Karatsev,Russian Federation,RUS,true,1993-09-04,2,2,0,0,2,0,0,0,0,0,0,0,0,0,0,0,0,0,0,0,0,0,0,0,0,0,0,0,0,0,0,8-11,1873,2021-02-22,42.1%
413,Bart Wuyts,Belgium,BEL,false,1969-09-15,2,0,0,2,0,0,0,0,0,0,0,0,0,0,0,0,0,0,0,0,0,0,2,0,0,0,0,0,0,0,0,48-69,1870,1992-08-03,41.0%
413,Christophe Rochus,Belgium,BEL,false,1978-12-15,2,2,0,0,0,0,1,0,1,0,0,0,0,0,0,0,0,0,0,0,0,0,0,0,0,0,0,0,0,0,0,118-219,1861,2005-05-23,35.0%
413,Christophe Roger Vasselin,France,FRA,false,1957-07-08,2,2,0,0,2,0,0,0,0,0,0,0,0,0,0,0,0,0,0,0,0,0,0,0,0,0,0,0,0,0,0,91-130,1899,1983-06-06,41.2%
413,Cristiano Caratti,Italy,ITA,false,1970-05-24,2,2,0,0,1,0,0,0,1,0,0,0,0,0,0,0,0,0,0,0,0,0,0,0,0,0,0,0,0,0,0,72-117,1957,1991-05-20,38.1%
413,Filip Krajinovic,Serbia,SRB,true,1992-02-27,2,2,0,0,0,0,2,0,0,0,0,0,0,0,0,0,0,0,0,0,0,0,0,0,0,0,0,0,0,0,0,84-80,2033,2020-09-21,51.2%
413,Francisco Gonzalez,Paraguay,PAR,false,1955-11-19,2,2,0,0,0,0,2,0,0,0,0,0,0,0,0,0,0,0,0,0,0,0,0,0,0,0,0,0,0,0,0,112-174,1912,1983-03-11,39.2%
413,Francisco Maciel,Mexico,MEX,false,1964-07-01,2,2,0,0,0,0,0,2,0,0,0,0,0,0,0,0,0,0,0,0,0,0,0,0,0,0,0,0,0,0,0,50-57,1898,1986-08-18,46.7%
413,Harel Levy,Israel,ISR,false,1978-08-05,2,2,0,0,0,0,2,0,0,0,0,0,0,0,0,0,0,0,0,0,0,0,0,0,0,0,0,0,0,0,0,63-99,1913,2001-06-25,38.9%
413,Henrik Holm,Sweden,SWE,false,1968-08-22,2,2,0,0,0,0,0,0,2,0,0,0,0,0,0,0,0,0,0,0,0,0,0,0,0,0,0,0,0,0,0,96-110,1993,1992-11-02,46.6%
413,Hyeon Chung,"Korea, Republic of",KOR,true,1996-05-19,2,2,0,0,2,0,0,0,0,0,0,0,0,0,0,0,0,0,0,0,0,0,0,0,0,0,0,0,0,0,0,79-69,2049,2018-05-07,53.4%
413,Jim Osborne,United States,USA,false,1945-02-01,2,2,0,0,1,0,1,0,0,0,0,0,0,0,0,0,0,0,0,0,0,0,0,0,0,0,0,0,0,0,0,97-112,1953,1970-02-22,46.4%
413,Leif Shiras,United States,USA,false,1959-08-21,2,2,0,0,0,0,2,0,0,0,0,0,0,0,0,0,0,0,0,0,0,0,0,0,0,0,0,0,0,0,0,71-103,1876,1984-08-20,40.8%
413,Patrik Kuhnen,Germany,GER,false,1966-02-11,2,2,0,0,1,0,0,0,0,1,0,0,0,0,0,0,0,0,0,0,0,0,0,0,0,0,0,0,0,0,0,127-153,1949,1990-04-30,45.4%
413,Peter Rennert,United States,USA,false,1958-12-26,2,2,0,0,2,0,0,0,0,0,0,0,0,0,0,0,0,0,0,0,0,0,0,0,0,0,0,0,0,0,0,49-60,1900,1981-06-15,45.0%
413,Rodney Harmon,United States,USA,false,1961-08-16,2,2,0,0,1,0,1,0,0,0,0,0,0,0,0,0,0,0,0,0,0,0,0,0,0,0,0,0,0,0,0,34-42,1908,1984-07-09,44.7%
413,Thierry Champion,France,FRA,false,1966-08-31,2,2,0,0,2,0,0,0,0,0,0,0,0,0,0,0,0,0,0,0,0,0,0,0,0,0,0,0,0,0,0,102-164,1928,1991-10-07,38.3%
413,Vladimir Voltchkov,Belarus,BLR,false,1978-04-07,2,2,0,0,2,0,0,0,0,0,0,0,0,0,0,0,0,0,0,0,0,0,0,0,0,0,0,0,0,0,0,72-91,1942,2001-02-26,44.2%
506,Alejandro Olmedo,Peru,PER,false,1936-03-24,1,1,0,0,0,0,0,0,1,0,0,0,0,0,0,0,0,0,0,0,0,0,0,0,0,0,0,0,0,1,0,46-56,1975,1968-07-14,45.1%
506,Alex Antonitsch,Austria,AUT,false,1966-02-08,1,1,0,0,0,0,0,0,1,0,0,0,0,0,0,0,0,0,0,0,0,0,0,0,0,0,0,0,0,1,0,106-144,1976,1990-07-09,42.4%
506,Alex Calatrava,Spain,ESP,false,1973-06-14,1,1,0,0,0,0,0,0,1,0,0,0,0,0,0,0,0,0,0,0,0,0,0,0,0,0,0,0,0,1,0,67-109,1894,2001-06-11,38.1%
506,Alexei Popyrin,Australia,AUS,true,1999-08-05,1,1,0,0,0,0,0,0,1,0,0,0,0,0,0,0,0,0,0,0,0,0,0,0,0,0,0,0,0,1,0,23-30,1892,2021-03-01,43.4%
506,Antony Dupuis,France,FRA,false,1973-02-24,1,1,0,0,0,0,0,0,1,0,0,0,0,0,0,0,0,0,0,0,0,0,0,0,0,0,0,0,0,1,0,85-128,1878,2004-02-16,39.9%
506,Benjamin Becker,Germany,GER,false,1981-06-16,1,1,0,0,0,0,0,0,1,0,0,0,0,0,0,0,0,0,0,0,0,0,0,0,0,0,0,0,0,1,0,153-220,1917,2015-02-02,41.0%
506,Bernard Mignot,Belgium,BEL,false,1948-12-03,1,1,0,0,0,0,0,0,1,0,0,0,0,0,0,0,0,0,0,0,0,0,0,0,0,0,0,0,0,1,0,51-61,1895,1975-02-16,45.5%
506,Birger Andersson,Sweden,SWE,false,1951-03-26,1,1,0,0,0,0,0,0,1,0,0,0,0,0,0,0,0,0,0,0,0,0,0,0,0,0,0,0,0,1,0,37-69,1825,1975-08-01,34.9%
506,Carsten Arriens,Germany,GER,false,1969-04-11,1,1,0,0,0,0,0,0,1,0,0,0,0,0,0,0,0,0,0,0,0,0,0,0,0,0,0,0,0,1,0,28-36,1852,1995-03-06,43.8%
506,Christian Miniussi,Argentina,ARG,false,1967-07-05,1,1,0,0,0,0,0,0,1,0,0,0,0,0,0,0,0,0,0,0,0,0,0,0,0,0,0,0,0,1,0,58-82,1883,1991-11-11,41.4%
506,Chuck Adams,United States,USA,false,1971-04-23,1,1,0,0,0,0,0,0,1,0,0,0,0,0,0,0,0,0,0,0,0,0,0,0,0,0,0,0,0,1,0,83-93,1950,1994-08-29,47.2%
506,Claudio Mezzadri,Switzerland,SUI,false,1965-06-10,1,1,0,0,0,0,0,0,1,0,0,0,0,0,0,0,0,0,0,0,0,0,0,0,0,0,0,0,0,1,0,117-137,1963,1988-02-15,46.1%
506,Claudio Panatta,Italy,ITA,false,1960-02-02,1,1,0,0,0,0,0,0,1,0,0,0,0,0,0,0,0,0,0,0,0,0,0,0,0,0,0,0,0,1,0,105-142,1898,1984-06-11,42.5%
506,Claudio Pistolesi,Italy,ITA,false,1967-08-25,1,1,0,0,0,0,0,0,1,0,0,0,0,0,0,0,0,0,0,0,0,0,0,0,0,0,0,0,0,1,0,77-111,1863,1987-04-13,41.0%
506,Colin Dowdeswell,United Kingdom,GBR,false,1955-05-12,1,1,0,0,0,0,0,0,1,0,0,0,0,0,0,0,0,0,0,0,0,0,0,0,0,0,0,0,0,1,0,118-176,1882,1983-11-28,40.1%
506,Dan Cassidy,United States,USA,false,1961-04-29,1,1,0,0,0,0,0,0,1,0,0,0,0,0,0,0,0,0,0,0,0,0,0,0,0,0,0,0,0,1,0,35-75,1837,1984-12-31,31.8%
506,Daniele Bracciali,Italy,ITA,false,1978-01-10,1,1,0,0,0,0,0,0,1,0,0,0,0,0,0,0,0,0,0,0,0,0,0,0,0,0,0,0,0,1,0,35-55,1864,2006-07-17,38.9%
506,Daniel Evans,United Kingdom,GBR,true,1990-05-23,1,1,0,0,0,0,0,0,1,0,0,0,0,0,0,0,0,0,0,0,0,0,0,0,0,0,0,0,0,1,0,78-83,2002,2021-02-08,48.4%
506,Danny Saltz,United States,USA,false,1961-07-30,1,1,0,0,0,0,0,0,1,0,0,0,0,0,0,0,0,0,0,0,0,0,0,0,0,0,0,0,0,1,0,17-20,1821,1984-05-13,45.9%
506,Dimitri Poliakov,Ukraine,UKR,false,1968-01-19,1,1,0,0,0,0,0,0,1,0,0,0,0,0,0,0,0,0,0,0,0,0,0,0,0,0,0,0,0,1,0,35-47,1840,1991-08-05,42.7%
506,Dominique Bedel,France,FRA,false,1957-02-20,1,1,0,0,0,0,0,0,1,0,0,0,0,0,0,0,0,0,0,0,0,0,0,0,0,0,0,0,0,1,0,59-88,1846,1979-06-22,40.1%
506,Eddie Edwards,South Africa,RSA,false,1956-07-03,1,1,0,0,0,0,0,0,1,0,0,0,0,0,0,0,0,0,0,0,0,0,0,0,0,0,0,0,0,1,0,87-134,1896,1986-07-14,39.4%
506,Eric Jelen,Germany,GER,false,1965-03-11,1,1,0,0,0,0,0,0,1,0,0,0,0,0,0,0,0,0,0,0,0,0,0,0,0,0,0,0,0,1,0,135-136,1971,1989-07-10,49.8%
506,Erick Iskersky,United States,USA,false,1958-01-25,1,1,0,0,0,0,0,0,1,0,0,0,0,0,0,0,0,0,0,0,0,0,0,0,0,0,0,0,0,1,0,33-62,1840,1982-05-03,34.7%
506,Frederic Fontang,France,FRA,false,1970-03-18,1,1,0,0,0,0,0,0,1,0,0,0,0,0,0,0,0,0,0,0,0,0,0,0,0,0,0,0,0,1,0,28-60,1844,1991-10-14,31.8%
506,Fritz Buehning,United States,USA,false,1960-03-05,1,1,0,0,0,0,0,0,1,0,0,0,0,0,0,0,0,0,0,0,0,0,0,0,0,0,0,0,0,1,0,114-120,2003,1981-03-16,48.7%
506,Gabriel Markus,Argentina,ARG,false,1970-03-31,1,1,0,0,0,0,0,0,1,0,0,0,0,0,0,0,0,0,0,0,0,0,0,0,0,0,0,0,0,1,0,59-72,1908,1992-07-27,45.0%
506,Gianluca Pozzi,Italy,ITA,false,1965-06-17,1,1,0,0,0,0,0,0,1,0,0,0,0,0,0,0,0,0,0,0,0,0,0,0,0,0,0,0,0,1,0,175-258,1948,2000-11-20,40.4%
506,Gianni Ocleppo,Italy,ITA,false,1957-04-06,1,1,0,0,0,0,0,0,1,0,0,0,0,0,0,0,0,0,0,0,0,0,0,0,0,0,0,0,0,1,0,103-127,1958,1981-04-20,44.8%
506,Guillaume Raoux,France,FRA,false,1970-02-14,1,1,0,0,0,0,0,0,1,0,0,0,0,0,0,0,0,0,0,0,0,0,0,0,0,0,0,0,0,1,0,179-225,1975,1998-02-23,44.3%
506,Hans Kary,Austria,AUT,false,1949-02-23,1,1,0,0,0,0,0,0,1,0,0,0,0,0,0,0,0,0,0,0,0,0,0,0,0,0,0,0,0,1,0,166-229,1917,1976-05-24,42.0%
506,Hernan Gumy,Argentina,ARG,false,1972-03-05,1,1,0,0,0,0,0,0,1,0,0,0,0,0,0,0,0,0,0,0,0,0,0,0,0,0,0,0,0,1,0,115-128,1939,1996-01-29,47.3%
506,Howard Schoenfield,United States,USA,false,1957-11-15,1,1,0,0,0,0,0,0,1,0,0,0,0,0,0,0,0,0,0,0,0,0,0,0,0,0,0,0,0,1,0,11-42,1803,1980-04-21,20.8%
506,Hyung Taik Lee,"Korea, Republic of",KOR,false,1976-01-03,1,1,0,0,0,0,0,0,1,0,0,0,0,0,0,0,0,0,0,0,0,0,0,0,0,0,0,0,0,1,0,161-164,1964,2008-03-24,49.5%
506,Igor Kunitsyn,Russian Federation,RUS,false,1981-09-30,1,1,0,0,0,0,0,0,1,0,0,0,0,0,0,0,0,0,0,0,0,0,0,0,0,0,0,0,0,1,0,89-153,1868,2008-10-13,36.8%
506,Ivan Dodig,Croatia,CRO,false,1985-01-02,1,1,0,0,0,0,0,0,1,0,0,0,0,0,0,0,0,0,0,0,0,0,0,0,0,0,0,0,0,1,0,118-140,2021,2013-10-07,45.7%
506,Jan Leschly,Denmark,DEN,false,1940-09-11,1,1,0,0,0,0,0,0,1,0,0,0,0,0,0,0,0,0,0,0,0,0,0,0,0,0,0,0,0,1,0,52-34,2033,1968-02-27,60.5%
506,Jan Norback,Sweden,SWE,false,1956-03-06,1,1,0,0,0,0,0,0,1,0,0,0,0,0,0,0,0,0,0,0,0,0,0,0,0,0,0,0,0,1,0,37-77,1840,1981-07-20,32.5%
506,Jan Vacek,Czech Republic,CZE,false,1976-05-10,1,1,0,0,0,0,0,0,1,0,0,0,0,0,0,0,0,0,0,0,0,0,0,0,0,0,0,0,0,1,0,30-60,1845,2001-10-29,33.3%
506,Jared Palmer,United States,USA,false,1971-07-02,1,1,0,0,0,0,0,0,1,0,0,0,0,0,0,0,0,0,0,0,0,0,0,0,0,0,0,0,0,1,0,69-80,1968,1994-11-14,46.3%
506,Jay Lapidus,United States,USA,false,1959-05-01,1,1,0,0,0,0,0,0,1,0,0,0,0,0,0,0,0,0,0,0,0,0,0,0,0,0,0,0,0,1,0,75-106,1916,1982-12-21,41.4%
506,Jeff Austin,United States,USA,false,1951-07-05,1,1,0,0,0,0,0,0,1,0,0,0,0,0,0,0,0,0,0,0,0,0,0,0,0,0,0,0,0,1,0,52-81,1827,1974-02-03,39.1%
506,Jeremy Bates,United Kingdom,GBR,false,1962-06-19,1,1,0,0,0,0,0,0,1,0,0,0,0,0,0,0,0,0,0,0,0,0,0,0,0,0,0,0,0,1,0,130-192,1887,1989-11-20,40.4%
506,Jerome Haehnel,France,FRA,false,1980-07-14,1,1,0,0,0,0,0,0,1,0,0,0,0,0,0,0,0,0,0,0,0,0,0,0,0,0,0,0,0,1,0,8-18,1846,2004-11-01,30.8%
506,Jim Pugh,United States,USA,false,1964-02-05,1,1,0,0,0,0,0,0,1,0,0,0,0,0,0,0,0,0,0,0,0,0,0,0,0,0,0,0,0,1,0,85-95,1973,1989-08-07,47.2%
506,Jordi Burillo,Spain,ESP,false,1972-12-07,1,1,0,0,0,0,0,0,1,0,0,0,0,0,0,0,0,0,0,0,0,0,0,0,0,0,0,0,0,1,0,92-129,1913,1996-05-13,41.6%
506,Jose Francisco Altur,Spain,ESP,false,1968-03-24,1,1,0,0,0,0,0,0,1,0,0,0,0,0,0,0,0,0,0,0,0,0,0,0,0,0,0,0,0,1,0,31-66,1828,1990-01-29,32.0%
506,Juan Antonio Marin,Costa Rica,CRC,false,1975-03-02,1,1,0,0,0,0,0,0,1,0,0,0,0,0,0,0,0,0,0,0,0,0,0,0,0,0,0,0,0,1,0,80-123,1853,2000-01-10,39.4%
506,Juan Balcells,Spain,ESP,false,1975-06-20,1,1,0,0,0,0,0,0,1,0,0,0,0,0,0,0,0,0,0,0,0,0,0,0,0,0,0,0,0,1,0,41-49,1915,2001-05-07,45.6%
506,Juan Ignacio Londero,Argentina,ARG,true,1993-08-15,1,1,0,0,0,0,0,0,1,0,0,0,0,0,0,0,0,0,0,0,0,0,0,0,0,0,0,0,0,1,0,31-38,1901,2019-09-09,44.9%
506,Juan Manuel Cerundolo,Argentina,ARG,true,2001-11-15,1,1,0,0,0,0,0,0,1,0,0,0,0,0,0,0,0,0,0,0,0,0,0,0,0,0,0,0,0,1,0,5-1,1500,,83.3%
506,Julien Boutter,France,FRA,false,1974-04-05,1,1,0,0,0,0,0,0,1,0,0,0,0,0,0,0,0,0,0,0,0,0,0,0,0,0,0,0,0,1,0,62-84,1982,2002-05-20,42.5%
506,Kjell Johansson,Sweden,SWE,false,1951-02-12,1,1,0,0,0,0,0,0,1,0,0,0,0,0,0,0,0,0,0,0,0,0,0,0,0,0,0,0,0,1,0,124-143,1961,1978-05-22,46.4%
506,Lars Burgsmuller,Germany,GER,false,1975-12-06,1,1,0,0,0,0,0,0,1,0,0,0,0,0,0,0,0,0,0,0,0,0,0,0,0,0,0,0,0,1,0,90-152,1903,2001-06-18,37.2%
506,Lars Elvstrom,Denmark,DEN,false,1949-08-18,1,1,0,0,0,0,0,0,1,0,0,0,0,0,0,0,0,0,0,0,0,0,0,0,0,0,0,0,0,1,0,15-21,1752,1976-01-25,41.7%
506,Leonardo Lavalle,Mexico,MEX,false,1967-07-14,1,1,0,0,0,0,0,0,1,0,0,0,0,0,0,0,0,0,0,0,0,0,0,0,0,0,0,0,0,1,0,84-115,1933,1989-07-28,42.2%
506,Libor Pimek,Belgium,BEL,false,1963-08-03,1,1,0,0,0,0,0,0,1,0,0,0,0,0,0,0,0,0,0,0,0,0,0,0,0,0,0,0,0,1,0,126-121,2000,1984-08-20,51.0%
506,Mark Koevermans,Netherlands,NED,false,1968-02-03,1,1,0,0,0,0,0,0,1,0,0,0,0,0,0,0,0,0,0,0,0,0,0,0,0,0,0,0,0,1,0,72-84,1938,1991-05-20,46.2%
506,Marko Ostoja,Croatia,CRO,false,1960-10-20,1,1,0,0,0,0,0,0,1,0,0,0,0,0,0,0,0,0,0,0,0,0,0,0,0,0,0,0,0,1,0,88-142,1862,1982-07-26,38.3%
506,Markus Zoecke,Germany,GER,false,1968-05-10,1,1,0,0,0,0,0,0,1,0,0,0,0,0,0,0,0,0,0,0,0,0,0,0,0,0,0,0,0,1,0,67-103,1907,1992-03-24,39.4%
506,Mark Vines,United States,USA,false,1957-02-23,1,1,0,0,0,0,0,0,1,0,0,0,0,0,0,0,0,0,0,0,0,0,0,0,0,0,0,0,0,1,0,8-24,1832,1981-11-02,25.0%
506,Massimiliano Narducci,Italy,ITA,false,1964-02-25,1,1,0,0,0,0,0,0,1,0,0,0,0,0,0,0,0,0,0,0,0,0,0,0,0,0,0,0,0,1,0,18-27,1821,1988-06-06,40.0%
506,Matt Anger,United States,USA,false,1963-06-20,1,1,0,0,0,0,0,0,1,0,0,0,0,0,0,0,0,0,0,0,0,0,0,0,0,0,0,0,0,1,0,82-106,1946,1986-02-24,43.6%
506,Matt Doyle,United States,USA,false,1958-01-13,1,1,0,0,0,0,0,0,1,0,0,0,0,0,0,0,0,0,0,0,0,0,0,0,0,0,0,0,0,1,0,63-76,1932,1983-10-31,45.3%
506,Matt Mitchell,United States,USA,false,1957-03-16,1,1,0,0,0,0,0,0,1,0,0,0,0,0,0,0,0,0,0,0,0,0,0,0,0,0,0,0,0,1,0,64-104,1890,1985-03-18,38.1%
506,Mauricio Hadad,Colombia,COL,false,1971-12-07,1,1,0,0,0,0,0,0,1,0,0,0,0,0,0,0,0,0,0,0,0,0,0,0,0,0,0,0,0,1,0,66-54,1922,1996-02-16,55.0%
506,Michal Tabara,Czech Republic,CZE,false,1979-08-11,1,1,0,0,0,0,0,0,1,0,0,0,0,0,0,0,0,0,0,0,0,0,0,0,0,0,0,0,0,1,0,40-55,1868,2001-05-28,42.1%
506,Mikhail Kukushkin,Kazakhstan,KAZ,true,1987-12-26,1,1,0,0,0,0,0,0,1,0,0,0,0,0,0,0,0,0,0,0,0,0,0,0,0,0,0,0,0,1,0,167-211,1943,2019-02-25,44.2%
506,Miomir Kecmanovic,Serbia,SRB,true,1999-08-31,1,1,0,0,0,0,0,0,1,0,0,0,0,0,0,0,0,0,0,0,0,0,0,0,0,0,0,0,0,1,0,44-39,1958,2020-09-14,53.0%
506,Mirza Basic,Bosnia and Herzegovina,BIH,false,1991-07-12,1,1,0,0,0,0,0,0,1,0,0,0,0,0,0,0,0,0,0,0,0,0,0,0,0,0,0,0,0,1,0,31-36,1905,2018-02-12,46.3%
506,Nduka Odizor,Nigeria,NGR,false,1958-08-09,1,1,0,0,0,0,0,0,1,0,0,0,0,0,0,0,0,0,0,0,0,0,0,0,0,0,0,0,0,1,0,96-128,1896,1983-11-14,42.9%
506,Neville Godwin,South Africa,RSA,false,1975-01-31,1,1,0,0,0,0,0,0,1,0,0,0,0,0,0,0,0,0,0,0,0,0,0,0,0,0,0,0,0,1,0,36-56,1841,2001-07-16,39.1%
506,Nicklas Kroon,Sweden,SWE,false,1966-02-05,1,1,0,0,0,0,0,0,1,0,0,0,0,0,0,0,0,0,0,0,0,0,0,0,0,0,0,0,0,1,0,48-65,1928,1990-07-09,42.5%
506,Nick Saviano,United States,USA,false,1956-06-05,1,1,0,0,0,0,0,0,1,0,0,0,0,0,0,0,0,0,0,0,0,0,0,0,0,0,0,0,0,1,0,162-200,1937,1979-11-12,44.8%
506,Nicola Pietrangeli,Italy,ITA,false,1933-09-11,1,1,0,0,0,0,0,0,1,0,0,0,0,0,0,0,0,0,0,0,0,0,0,0,0,0,0,0,0,1,0,51-36,1976,1968-05-30,58.6%
506,Nicolas Jarry,Chile,CHI,true,1995-10-11,1,1,0,0,0,0,0,0,1,0,0,0,0,0,0,0,0,0,0,0,0,0,0,0,0,0,0,0,0,1,0,52-57,1939,2019-07-22,47.7%
506,Paolo Lorenzi,Italy,ITA,true,1981-12-15,1,1,0,0,0,0,0,0,1,0,0,0,0,0,0,0,0,0,0,0,0,0,0,0,0,0,0,0,0,1,0,110-183,1896,2017-09-11,37.5%
506,Per Hjertquist,Sweden,SWE,false,1960-04-06,1,1,0,0,0,0,0,0,1,0,0,0,0,0,0,0,0,0,0,0,0,0,0,0,0,0,0,0,0,1,0,60-73,1920,1981-03-13,45.1%
506,Peter Doohan,Australia,AUS,false,1961-05-02,1,1,0,0,0,0,0,0,1,0,0,0,0,0,0,0,0,0,0,0,0,0,0,0,0,0,0,0,0,1,0,50-82,1892,1987-07-06,37.9%
506,Peter Gojowczyk,Germany,GER,true,1989-07-15,1,1,0,0,0,0,0,0,1,0,0,0,0,0,0,0,0,0,0,0,0,0,0,0,0,0,0,0,0,1,0,62-76,1935,2018-02-26,44.9%
506,Peter Wessels,Netherlands,NED,false,1978-05-07,1,1,0,0,0,0,0,0,1,0,0,0,0,0,0,0,0,0,0,0,0,0,0,0,0,0,0,0,0,1,0,45-60,1897,2001-06-25,42.9%
506,Pieter Aldrich,South Africa,RSA,false,1965-09-07,1,1,0,0,0,0,0,0,1,0,0,0,0,0,0,0,0,0,0,0,0,0,0,0,0,0,0,0,0,1,0,36-40,1859,1990-10-15,47.4%
506,Radu Albot,"Moldova, Republic of",MDA,true,1989-11-11,1,1,0,0,0,0,0,0,1,0,0,0,0,0,0,0,0,0,0,0,0,0,0,0,0,0,0,0,0,1,0,85-107,1936,2019-05-27,44.3%
506,Ramanathan Krishnan,India,IND,false,1937-04-11,1,1,0,0,0,0,0,0,1,0,0,0,0,0,0,0,0,0,0,0,0,0,0,0,0,0,0,0,0,1,0,22-13,1840,1969-05-17,62.9%
506,Ricardo Mello,Brazil,BRA,false,1980-12-21,1,1,0,0,0,0,0,0,1,0,0,0,0,0,0,0,0,0,0,0,0,0,0,0,0,0,0,0,0,1,0,60-94,1902,2005-02-21,39.0%
506,Richard Meyer,United States,USA,false,1955-09-04,1,1,0,0,0,0,0,0,1,0,0,0,0,0,0,0,0,0,0,0,0,0,0,0,0,0,0,0,0,1,0,42-77,1852,1980-11-24,35.3%
506,Ricki Osterthun,Germany,GER,false,1964-05-02,1,1,0,0,0,0,0,0,1,0,0,0,0,0,0,0,0,0,0,0,0,0,0,0,0,0,0,0,0,1,0,60-79,1883,1987-10-19,43.2%
506,Robbie Weiss,United States,USA,false,1966-12-01,1,1,0,0,0,0,0,0,1,0,0,0,0,0,0,0,0,0,0,0,0,0,0,0,0,0,0,0,0,1,0,48-78,1862,1993-02-01,38.1%
506,Roberto Arguello,Argentina,ARG,false,1963-05-12,1,1,0,0,0,0,0,0,1,0,0,0,0,0,0,0,0,0,0,0,0,0,0,0,0,0,0,0,0,1,0,61-84,1870,1985-09-30,42.1%
506,Roberto Carballes Baena,Spain,ESP,true,1993-03-23,1,1,0,0,0,0,0,0,1,0,0,0,0,0,0,0,0,0,0,0,0,0,0,0,0,0,0,0,0,1,0,54-66,1854,2020-10-12,45.0%
506,Rolf Gehring,Germany,GER,false,1955-11-25,1,1,0,0,0,0,0,0,1,0,0,0,0,0,0,0,0,0,0,0,0,0,0,0,0,0,0,0,0,1,0,120-144,1964,1981-05-25,45.5%
506,Ron Holmberg,United States,USA,false,1938-01-27,1,1,0,0,0,0,0,0,1,0,0,0,0,0,0,0,0,0,0,0,0,0,0,0,0,0,0,0,0,1,0,45-69,1980,1968-09-12,39.5%
506,Ryan Harrison,United States,USA,true,1992-05-07,1,1,0,0,0,0,0,0,1,0,0,0,0,0,0,0,0,0,0,0,0,0,0,0,0,0,0,0,0,1,0,118-159,1953,2018-03-05,42.6%
506,Ryan Sweeting,United States,USA,false,1987-07-14,1,1,0,0,0,0,0,0,1,0,0,0,0,0,0,0,0,0,0,0,0,0,0,0,0,0,0,0,0,1,0,35-57,1887,2011-04-11,38.0%
506,Santiago Ventura,Spain,ESP,false,1980-01-05,1,1,0,0,0,0,0,0,1,0,0,0,0,0,0,0,0,0,0,0,0,0,0,0,0,0,0,0,0,1,0,38-59,1870,2004-07-26,39.2%
506,Sargis Sargsian,Armenia,ARM,false,1973-06-03,1,1,0,0,0,0,0,0,1,0,0,0,0,0,0,0,0,0,0,0,0,0,0,0,0,0,0,0,0,1,0,155-209,1959,2004-01-12,42.6%
506,Simone Colombo,Italy,ITA,false,1963-08-28,1,1,0,0,0,0,0,0,1,0,0,0,0,0,0,0,0,0,0,0,0,0,0,0,0,0,0,0,0,1,0,35-54,1839,1986-10-06,39.3%
506,Taro Daniel,Japan,JPN,true,1993-01-27,1,1,0,0,0,0,0,0,1,0,0,0,0,0,0,0,0,0,0,0,0,0,0,0,0,0,0,0,0,1,0,50-82,1882,2018-08-27,37.9%
506,Thiago Seyboth Wild,Brazil,BRA,true,2000-03-10,1,1,0,0,0,0,0,0,1,0,0,0,0,0,0,0,0,0,0,0,0,0,0,0,0,0,0,0,0,1,0,7-8,1804,2020-03-02,46.7%
506,Wayne Arthurs,Australia,AUS,false,1971-03-18,1,1,0,0,0,0,0,0,1,0,0,0,0,0,0,0,0,0,0,0,0,0,0,0,0,0,0,0,0,1,0,133-159,1948,2001-06-25,45.5%
506,Werner Zirngibl,Germany,GER,false,1956-09-04,1,1,0,0,0,0,0,0,1,0,0,0,0,0,0,0,0,0,0,0,0,0,0,0,0,0,0,0,0,1,0,42-70,1816,1978-06-19,37.5%
506,William Harris,United States,USA,false,1947-01-14,1,1,0,0,0,0,0,0,1,0,0,0,0,0,0,0,0,0,0,0,0,0,0,0,0,0,0,0,0,1,0,7-8,1659,1969-07-14,46.7%
506,Yoshihito Nishioka,Japan,JPN,true,1995-09-27,1,1,0,0,0,0,0,0,1,0,0,0,0,0,0,0,0,0,0,0,0,0,0,0,0,0,0,0,0,1,0,67-74,1977,2020-02-24,47.5%
506,Yuichi Sugita,Japan,JPN,true,1988-09-18,1,1,0,0,0,0,0,0,1,0,0,0,0,0,0,0,0,0,0,0,0,0,0,0,0,0,0,0,0,1,0,54-86,1933,2017-10-23,38.6%
506,Alex Radulescu,Germany,GER,false,1974-12-07,1,1,0,0,1,0,0,0,0,0,0,0,0,0,0,0,0,0,0,0,0,0,0,0,0,0,0,0,0,0,0,40-56,1905,1997-09-29,41.7%
506,Andre Sa,Brazil,BRA,false,1977-05-06,1,1,0,0,1,0,0,0,0,0,0,0,0,0,0,0,0,0,0,0,0,0,0,0,0,0,0,0,0,0,0,52-92,1877,2002-07-29,36.1%
506,Belus Prajoux,Chile,CHI,false,1955-02-27,1,1,0,0,0,0,0,0,0,1,0,0,0,0,0,0,0,0,0,0,0,0,0,0,0,0,0,0,0,0,0,88-132,1893,1977-04-04,40.0%
506,Boro Jovanovic,Croatia,CRO,false,1939-10-21,1,1,0,0,1,0,0,0,0,0,0,0,0,0,0,0,0,0,0,0,0,0,0,0,0,0,0,0,0,0,0,59-85,1881,1973-06-16,41.0%
506,Brad Pearce,United States,USA,false,1966-03-21,1,1,0,0,1,0,0,0,0,0,0,0,0,0,0,0,0,0,0,0,0,0,0,0,0,0,0,0,0,0,0,41-79,1890,1990-08-27,34.2%
506,Brett Steven,New Zealand,NZL,false,1969-04-27,1,1,0,0,1,0,0,0,0,0,0,0,0,0,0,0,0,0,0,0,0,0,0,0,0,0,0,0,0,0,0,175-166,2011,1995-09-11,51.3%
506,Broderick Dyke,Australia,AUS,false,1960-12-31,1,1,0,0,0,0,0,0,1,0,0,0,0,0,0,0,0,0,0,0,0,0,0,0,0,0,0,0,0,0,0,78-121,1895,1986-03-24,39.2%
506,Bruce Manson,United States,USA,false,1956-03-20,1,1,0,0,1,0,0,0,0,0,0,0,0,0,0,0,0,0,0,0,0,0,0,0,0,0,0,0,0,0,0,126-172,1963,1982-01-26,42.3%
506,Byron Bertram,South Africa,RSA,false,1952-10-29,1,1,0,0,1,0,0,0,0,0,0,0,0,0,0,0,0,0,0,0,0,0,0,0,0,0,0,0,0,0,0,111-140,1943,1977-07-04,44.2%
506,Chip Hooper,United States,USA,false,1958-10-24,1,1,0,0,0,0,1,0,0,0,0,0,0,0,0,0,0,0,0,0,0,0,0,0,0,0,0,0,0,0,0,104-119,1988,1983-03-28,46.6%
506,Christo Steyn,South Africa,RSA,false,1961-05-01,1,1,0,0,0,0,1,0,0,0,0,0,0,0,0,0,0,0,0,0,0,0,0,0,0,0,0,0,0,0,0,43-53,1917,1986-10-13,44.8%
506,Diego Nargiso,Italy,ITA,false,1970-03-15,1,1,0,0,0,0,0,0,0,1,0,0,0,0,0,0,0,0,0,0,0,0,0,0,0,0,0,0,0,0,0,100-154,1890,1992-03-24,39.4%
506,Drew Gitlin,United States,USA,false,1958-05-26,1,1,0,0,1,0,0,0,0,0,0,0,0,0,0,0,0,0,0,0,0,0,0,0,0,0,0,0,0,0,0,34-48,1844,1983-07-18,41.5%
506,Emilio Benfele Alvarez,Spain,ESP,false,1972-11-15,1,1,0,0,0,0,0,0,1,0,0,0,0,0,0,0,0,0,0,0,0,0,0,0,0,0,0,0,0,0,0,45-67,1862,1997-05-19,40.2%
506,Eric Fromm,United States,USA,false,1958-06-27,1,1,0,0,0,0,1,0,0,0,0,0,0,0,0,0,0,0,0,0,0,0,0,0,0,0,0,0,0,0,0,51-83,1939,1983-06-06,38.1%
506,Francisco Roig,Spain,ESP,false,1968-04-01,1,0,0,1,0,0,0,0,0,0,0,0,0,0,0,0,0,0,0,0,0,0,1,0,0,0,0,0,0,0,0,64-96,1886,1992-05-04,40.0%
506,Gary Muller,South Africa,RSA,false,1964-12-27,1,0,0,1,0,0,0,0,0,0,0,0,0,0,0,0,0,0,0,0,0,1,0,0,0,0,0,0,0,0,0,85-118,1892,1990-08-06,41.9%
506,Gianluca Mager,Italy,ITA,true,1994-12-01,1,1,0,0,0,0,0,0,1,0,0,0,0,0,0,0,0,0,0,0,0,0,0,0,0,0,0,0,0,0,0,9-13,1798,2020-02-24,40.9%
506,Hendrik Dreekmann,Germany,GER,false,1975-01-29,1,1,0,0,1,0,0,0,0,0,0,0,0,0,0,0,0,0,0,0,0,0,0,0,0,0,0,0,0,0,0,97-118,1961,1996-09-30,45.1%
506,Irakli Labadze,Georgia,GEO,false,1981-06-09,1,1,0,0,0,0,1,0,0,0,0,0,0,0,0,0,0,0,0,0,0,0,0,0,0,0,0,0,0,0,0,50-83,1872,2004-05-17,37.6%
506,Ivan Molina,Colombia,COL,false,1946-06-16,1,1,0,0,0,0,1,0,0,0,0,0,0,0,0,0,0,0,0,0,0,0,0,0,0,0,0,0,0,0,0,165-203,1925,1975-11-02,44.8%
506,Jan Apell,Sweden,SWE,false,1969-11-04,1,1,0,0,0,0,0,0,1,0,0,0,0,0,0,0,0,0,0,0,0,0,0,0,0,0,0,0,0,0,0,44-68,1949,1995-08-21,39.3%
506,John Andrews,United States,USA,false,1952-02-05,1,1,0,0,1,0,0,0,0,0,0,0,0,0,0,0,0,0,0,0,0,0,0,0,0,0,0,0,0,0,0,31-48,1878,1976-04-12,39.2%
506,Ken Flach,United States,USA,false,1963-05-24,1,1,0,0,0,0,1,0,0,0,0,0,0,0,0,0,0,0,0,0,0,0,0,0,0,0,0,0,0,0,0,52-80,1880,1985-09-23,39.4%
506,Lionel Roux,France,FRA,false,1973-04-12,1,1,0,0,0,0,0,0,1,0,0,0,0,0,0,0,0,0,0,0,0,0,0,0,0,0,0,0,0,0,0,76-117,1909,1997-04-21,39.4%
506,Lukasz Kubot,Poland,POL,false,1982-05-16,1,1,0,0,1,0,0,0,0,0,0,0,0,0,0,0,0,0,0,0,0,0,0,0,0,0,0,0,0,0,0,97-130,1916,2011-07-18,42.7%
506,Marcos Ondruska,South Africa,RSA,false,1972-12-18,1,1,0,0,0,0,1,0,0,0,0,0,0,0,0,0,0,0,0,0,0,0,0,0,0,0,0,0,0,0,0,118-147,1947,1993-03-23,44.5%
506,Marius Copil,Romania,ROU,false,1990-10-17,1,1,0,0,0,0,0,0,1,0,0,0,0,0,0,0,0,0,0,0,0,0,0,0,0,0,0,0,0,0,0,63-88,1875,2018-10-29,41.7%
506,Michel Kratochvil,Switzerland,SUI,false,1979-04-07,1,1,0,0,0,0,0,0,1,0,0,0,0,0,0,0,0,0,0,0,0,0,0,0,0,0,0,0,0,0,0,73-98,1933,2002-07-08,42.7%
506,Olivier Delaitre,France,FRA,false,1967-06-01,1,1,0,0,0,0,0,0,1,0,0,0,0,0,0,0,0,0,0,0,0,0,0,0,0,0,0,0,0,0,0,130-179,1970,1995-02-20,42.1%
506,Owen Davidson,Australia,AUS,false,1943-10-04,1,1,0,0,0,0,1,0,0,0,0,0,0,0,0,0,0,0,0,0,0,0,0,0,0,0,0,0,0,0,0,82-108,2034,1969-04-22,43.2%
506,Pascal Portes,France,FRA,false,1959-05-28,1,1,0,0,0,0,1,0,0,0,0,0,0,0,0,0,0,0,0,0,0,0,0,0,0,0,0,0,0,0,0,102-123,1983,1981-02-02,45.3%
506,Patricio Cornejo,Chile,CHI,false,1944-06-06,1,1,0,0,1,0,0,0,0,0,0,0,0,0,0,0,0,0,0,0,0,0,0,0,0,0,0,0,0,0,0,152-216,1861,1974-06-17,41.3%
506,Paul Chamberlin,United States,USA,false,1962-03-26,1,1,0,0,1,0,0,0,0,0,0,0,0,0,0,0,0,0,0,0,0,0,0,0,0,0,0,0,0,0,0,57-66,1916,1989-07-31,46.3%
506,Paul Kronk,Australia,AUS,false,1954-09-22,1,1,0,0,1,0,0,0,0,0,0,0,0,0,0,0,0,0,0,0,0,0,0,0,0,0,0,0,0,0,0,112-188,1857,1981-07-06,37.3%
506,Potito Starace,Italy,ITA,false,1981-07-14,1,1,0,0,0,0,0,0,1,0,0,0,0,0,0,0,0,0,0,0,0,0,0,0,0,0,0,0,0,0,0,162-193,1937,2007-07-30,45.6%
506,Raemon Sluiter,Netherlands,NED,false,1978-04-13,1,1,0,0,0,0,0,0,1,0,0,0,0,0,0,0,0,0,0,0,0,0,0,0,0,0,0,0,0,0,0,90-131,1918,2003-02-24,40.7%
506,Ricardo Acuna,Chile,CHI,false,1958-01-13,1,1,0,0,1,0,0,0,0,0,0,0,0,0,0,0,0,0,0,0,0,0,0,0,0,0,0,0,0,0,0,74-115,1887,1985-07-08,39.2%
506,Robin Drysdale,United Kingdom,GBR,false,1952-09-18,1,1,0,0,1,0,0,0,0,0,0,0,0,0,0,0,0,0,0,0,0,0,0,0,0,0,0,0,0,0,0,35-77,1809,1978-03-12,31.3%
506,Santiago Giraldo,Colombia,COL,false,1987-11-27,1,1,0,0,0,0,0,0,1,0,0,0,0,0,0,0,0,0,0,0,0,0,0,0,0,0,0,0,0,0,0,166-205,1970,2012-06-10,44.7%
506,Stanislav Birner,Czech Republic,CZE,false,1956-10-11,1,1,0,0,0,0,1,0,0,0,0,0,0,0,0,0,0,0,0,0,0,0,0,0,0,0,0,0,0,0,0,63-121,1879,1981-08-04,34.2%
506,Todd Witsken,United States,USA,false,1963-11-04,1,1,0,0,1,0,0,0,0,0,0,0,0,0,0,0,0,0,0,0,0,0,0,0,0,0,0,0,0,0,0,115-135,1955,1991-05-06,46.0%
506,Wanaro Ngodrella,France,FRA,false,1949-10-19,1,1,0,0,1,0,0,0,0,0,0,0,0,0,0,0,0,0,0,0,0,0,0,0,0,0,0,0,0,0,0,45-75,1837,1973-04-16,37.5%
506,Yen Hsun Lu,"Taiwan, Province of China",TPE,true,1983-08-14,1,1,0,0,1,0,0,0,0,0,0,0,0,0,0,0,0,0,0,0,0,0,0,0,0,0,0,0,0,0,0,161-226,1922,2014-08-24,41.6%